[15Oct2025 00:00:07.366] [main/INFO] [Arclight/]: 

       ___           ___     __   /\
      /   | ________/ (_)__ / /  / /
     / /| |/ __/ __/ / / _ / _ \/__/
    / ___ / / / /_/ / / / / // / /
   /_/  |/_/  \__/_/_/\_ /_//_/ /
                     /__/     \/

    运行版本 顿顽 / arclight-1.20.1-1.0.6-4e94eb76
    构建日期 2025-01-21 16:18:32

[15Oct2025 00:00:07.409] [main/INFO] [cpw.mods.modlauncher.Launcher/MODLAUNCHER]: ModLauncher running: args [--launchTarget, arclightserver, --fml.forgeVersion, 47.3.22, --fml.mcVersion, 1.20.1, --fml.forgeGroup, net.minecraftforge, --fml.mcpVersion, 20230612.114412, nogui]
[15Oct2025 00:00:07.410] [main/INFO] [cpw.mods.modlauncher.Launcher/MODLAUNCHER]: ModLauncher 10.0.9+10.0.9+main.dcd20f30 starting: java version 17.0.16 by Ubuntu; OS Linux arch amd64 version 6.8.0-1030-azure
[15Oct2025 00:00:09.575] [main/INFO] [net.minecraftforge.fml.loading.ImmediateWindowHandler/]: ImmediateWindowProvider not loading because launch target is arclightserver
[15Oct2025 00:00:09.631] [main/INFO] [mixin/]: SpongePowered MIXIN Subsystem Version=0.8.5 Source=union:/workspaces/inovaland/servidor_minecraft/libraries/org/spongepowered/mixin/0.8.5/mixin-0.8.5.jar%2399!/ Service=ModLauncher Env=SERVER
[15Oct2025 00:00:10.017] [main/WARN] [net.minecraftforge.fml.loading.moddiscovery.ModFileParser/LOADING]: Mod file /workspaces/inovaland/servidor_minecraft/libraries/net/minecraftforge/fmlcore/1.20.1-47.3.22/fmlcore-1.20.1-47.3.22.jar is missing mods.toml file
[15Oct2025 00:00:10.018] [main/WARN] [net.minecraftforge.fml.loading.moddiscovery.ModFileParser/LOADING]: Mod file /workspaces/inovaland/servidor_minecraft/libraries/net/minecraftforge/javafmllanguage/1.20.1-47.3.22/javafmllanguage-1.20.1-47.3.22.jar is missing mods.toml file
[15Oct2025 00:00:10.018] [main/WARN] [net.minecraftforge.fml.loading.moddiscovery.ModFileParser/LOADING]: Mod file /workspaces/inovaland/servidor_minecraft/libraries/net/minecraftforge/lowcodelanguage/1.20.1-47.3.22/lowcodelanguage-1.20.1-47.3.22.jar is missing mods.toml file
[15Oct2025 00:00:10.019] [main/WARN] [net.minecraftforge.fml.loading.moddiscovery.ModFileParser/LOADING]: Mod file /workspaces/inovaland/servidor_minecraft/libraries/net/minecraftforge/mclanguage/1.20.1-47.3.22/mclanguage-1.20.1-47.3.22.jar is missing mods.toml file
[15Oct2025 00:00:10.248] [main/INFO] [net.minecraftforge.fml.loading.moddiscovery.JarInJarDependencyLocator/]: Found 10 dependencies adding them to mods collection
[15Oct2025 00:00:10.249] [main/INFO] [ArclightJiJ/]: Skip jij dependency org.yaml.snakeyaml@null because Arclight has org.yaml.snakeyaml@2.0
[15Oct2025 00:00:13.601] [main/INFO] [mixin/]: Compatibility level set to JAVA_17
[15Oct2025 00:00:13.904] [main/INFO] [mixin/]: Successfully loaded Mixin Connector [ca.spottedleaf.starlight.mixin.MixinConnector]
[15Oct2025 00:00:13.909] [main/INFO] [mixin/]: Successfully loaded Mixin Connector [io.izzel.arclight.common.mod.ArclightConnector]
[15Oct2025 00:00:13.935] [main/INFO] [Arclight/]: 核心 Mixin 配置已加载
[15Oct2025 00:00:13.936] [main/INFO] [Arclight/]: 服务端优化 Mixin 配置已加载
[15Oct2025 00:00:13.940] [main/INFO] [cpw.mods.modlauncher.LaunchServiceHandler/MODLAUNCHER]: Launching target 'arclightserver' with arguments [nogui]
[15Oct2025 00:00:14.040] [main/INFO] [ModernFix/]: Loaded configuration file for ModernFix 5.24.4+mc1.20.1: 96 options available, 0 override(s) found
[15Oct2025 00:00:14.041] [main/INFO] [ModernFix/]: Applying Nashorn fix
[15Oct2025 00:00:14.061] [main/INFO] [ModernFix/]: Applied Forge config corruption patch
[15Oct2025 00:00:14.149] [main/WARN] [mixin/]: Reference map 'mixins.dungeons_plus.refmap.json' for mixins.dungeons_plus.json could not be read. If this is a development environment you can ignore this message
[15Oct2025 00:00:14.158] [main/WARN] [mixin/]: Reference map 'CerbonsAPI-Forge-1.20.1-forge-refmap.json' for cerbons_api.mixins.json could not be read. If this is a development environment you can ignore this message
[15Oct2025 00:00:14.198] [main/WARN] [mixin/]: Reference map 'graveyard-FORGE-forge-refmap.json' for graveyard-forge.mixins.json could not be read. If this is a development environment you can ignore this message
[15Oct2025 00:00:14.233] [main/WARN] [mixin/]: Reference map 'puzzlesaccessapi.common.refmap.json' for puzzlesaccessapi.common.mixins.json could not be read. If this is a development environment you can ignore this message
[15Oct2025 00:00:14.266] [main/WARN] [mixin/]: Reference map 'mes-forge-refmap.json' for mes-forge.mixins.json could not be read. If this is a development environment you can ignore this message
[15Oct2025 00:00:14.323] [main/INFO] [Puzzles Lib/]: Loading 131 mods:
	- additionalstructures 4.2.2
	- alexsmobs 1.22.9
	- almanac 1.0.2
	- alternate_current 1.7.0
	- ancient_elements 1.4.2
	- animatedmobsmod 1.0.0
	- architectury 9.2.14
	- arclight 1.20.1-1.0.6-SNAPSHOT-1345853c
	- atistructures 1.4.0
	- beefix 1.0.7
	- better_totem_of_undying 2.1.1
	- betterdungeons 1.20-Forge-4.0.4
	- betterendcities 1.0.0-1.20.1
	- betterendisland 1.20-Forge-2.0.6
	- betterfortresses 1.20-Forge-2.0.6
	- bettermineshafts 1.20-Forge-4.0.4
	- bettervillage 3.3.1
	- bfendcities 1.0
	- blazegear 1.4.5
	- blueprint 7.1.3
	- bosses_of_mass_destruction 1.1.2
	- cavesanddepths 1.2.7
	- cerbons_api 1.1.0
	- charmofundying 6.5.0+1.20.1
		\-- spectrelib 0.13.15+1.20.1
	- chunky 1.3.146
	- citadel 2.6.2
	- cloth_config 11.1.136
	- cmdcam 2.2.0
	- cnb 1.5.8
	- connectivity 1.20.1-7.2
	- creativecore 2.12.32
	- cristellib 1.1.6
	- cupboard 1.20.1-2.7
	- curios 5.14.1+1.20.1
	- deltaboxlib 2.2.0
	- doespotatotick 1.20.1-5.3.4
	- dreamcaslib 1.0.0
	- dungeoncrawl 2.3.15
	- dungeonnowloading 2.0
	- dungeons_arise 2.1.58-1.20.x
	- dungeons_enhanced 5.4.2
	- dungeons_plus 1.3.0
	- easymagic 8.0.1
	- echoes_of_the_end__structures_ 1.00.2
	- ecologics 2.2.2
	- eeeabsmobs 1.20.1-0.97
	- elevatorid 1.20.1-1.9.1-forge
	- elysium_api 1.1.3
	- emotecraft 2.2.7-b.build.50
	- endrem 5.3.3-R-1.20.1
	- enlightened_end 5.0.14
	- extra_dungeons 1.0.7
	- faded_conquest_2 1.3.0
	- fastasyncworldsave 1.20.1-2.6
	- fastsuite 5.1.0
	- ferritecore 6.0.1
	- forge 47.3.22
	- formations 1.0.4
	- formationsnether 1.0.5
	- geckolib 4.8
	- geophilic 3.4.3
	- graveyard 3.1
	- hearths 1.0.4
	- hoporp 1.3.7
	- hs_bosses 1.0.0
	- icterine 1.3.0
	- illageandspillage 1.2.8
	- imst 2.1.0
	- incendium 5.3.5
	- jei 15.20.0.116
	- jungle_treehouse_village 1.0.0
	- kotlinforforge 4.11.0
	- ksyxis 1.3.4
	- legendary_monsters 1.20.1
	- letmedespawn 1.5.0
	- libraryferret 4.0.0
	- luminous_nether 1.3.1
	- medieval_buildings 1.1.2
		\-- mixinextras 0.4.1
	- mes 1.4.6-1.20-forge
	- minecraft 1.20.1
	- mns 1.0.3-1.20-forge
	- modernfix 5.24.4+mc1.20.1
	- mofus_better_end_ 1.0.0
	- mr_dungeons_andtaverns 3.0.3.f
	- mr_limesplatus_ending 1-v1.1.0c
	- mr_qraftyfied 6
	- mr_qraftys_endvillages 1
	- mr_trek 1-B0.5.1
	- nerb 0.4.1
	- netherdungeons 1.1.0-snapshot4
	- netherexp 2.3.5
	- netheroverhaul 1.3.6
	- nethers_exoticism 1.2.9
	- octolib 0.5.0.1
	- outer_end 1.0.0
	- palegardenbackport 2.0.3
	- pehkui 3.8.0+1.20.1-forge
	- piglinproliferation 1.20.1-1.2.6
	- placebo 8.6.3
	- playeranimator 1.0.2-rc1+1.20
	- playerrevive 2.0.31
	- puzzleslib 8.1.33
		\-- puzzlesaccessapi 20.1.1
	- sawmillhouse 2.0.1
	- securitycraft 1.10.0.1
	- sky_whale_ship 1.0.2
	- smoothchunk 1.20.1-4.1
	- sophisticatedbackpacks 3.24.9.1391
	- sophisticatedcore 1.2.105.1230
	- spark 1.10.53
	- spelunkers_charm 3.6.0
	- stalwart_dungeons 1.2.8
	- starlight 1.1.2+forge.1cda73c
	- structory 1.3.5
	- structory_towers 1.0.7
	- structure_gel 2.16.2
	- t_and_t 0.0NONE
	- takesapillage 1.0.3
	- taxcp 1.0.1
	- terrablender 3.0.1.10
	- terralith 2.5.4
	- tlc 1.0.2
	- tombstone 9.0.9
	- u_desert 1.6.3
	- u_sea 1.2.3
	- voicechat 1.20.1-2.6.5
		\-- voicechat_api 2.6.0
	- wwoo_forge 2.0.0
	- yungsapi 1.20-Forge-4.0.6
	- yungscavebiomes 1.20.1-Forge-2.0.5
[15Oct2025 00:00:14.333] [main/WARN] [mixin/]: Reference map 'mns-forge-refmap.json' for mns-forge.mixins.json could not be read. If this is a development environment you can ignore this message
[15Oct2025 00:00:14.339] [main/WARN] [mixin/]: Reference map 'cristellib-forge-refmap.json' for cristellib.mixins.json could not be read. If this is a development environment you can ignore this message
[15Oct2025 00:00:15.163] [main/INFO] [net.minecraftforge.coremod.CoreMod.placebo/COREMODLOG]: Patching IForgeItemStack#getEnchantmentLevel
[15Oct2025 00:00:15.179] [main/INFO] [net.minecraftforge.coremod.CoreMod.placebo/COREMODLOG]: Patching IForgeItemStack#getEnchantmentLevel
[15Oct2025 00:00:16.358] [main/ERROR] [net.minecraftforge.fml.loading.RuntimeDistCleaner/DISTXFORM]: Attempted to load class net/minecraft/client/renderer/ItemInHandRenderer for invalid dist DEDICATED_SERVER
[15Oct2025 00:00:16.363] [main/WARN] [mixin/]: Error loading class: net/minecraft/client/renderer/ItemInHandRenderer (java.lang.RuntimeException: Attempted to load class net/minecraft/client/renderer/ItemInHandRenderer for invalid dist DEDICATED_SERVER)
[15Oct2025 00:00:16.363] [main/WARN] [mixin/]: @Mixin target net.minecraft.client.renderer.ItemInHandRenderer was not found dungeonnowloading.forge.mixins.json:items.ItemInHandRendererMixin
[15Oct2025 00:00:18.215] [main/INFO] [MixinExtras|Service/]: Initializing MixinExtras via com.llamalad7.mixinextras.service.MixinExtrasServiceImpl(version=0.4.1).
[15Oct2025 00:00:19.157] [main/INFO] [net.minecraft.server.Bootstrap/]: ModernFix reached bootstrap stage (15.40 s after launch)
[15Oct2025 00:00:19.305] [main/WARN] [mixin/]: @Final field delegatesByName:Ljava/util/Map; in modernfix-forge.mixins.json:perf.forge_registry_alloc.ForgeRegistryMixin should be final
[15Oct2025 00:00:19.305] [main/WARN] [mixin/]: @Final field delegatesByValue:Ljava/util/Map; in modernfix-forge.mixins.json:perf.forge_registry_alloc.ForgeRegistryMixin should be final
[15Oct2025 00:00:19.357] [main/INFO] [net.minecraftforge.coremod.CoreMod.placebo/COREMODLOG]: Patching IForgeItemStack#getEnchantmentLevel
[15Oct2025 00:00:19.358] [main/INFO] [net.minecraftforge.coremod.CoreMod.placebo/COREMODLOG]: Patching IForgeItemStack#getEnchantmentLevel
[15Oct2025 00:00:19.455] [main/INFO] [ModernFix/]: Injecting BlockStateBase cache population hook into getOpacityIfCached from ca.spottedleaf.starlight.mixin.common.blockstate.BlockStateBaseMixin
[15Oct2025 00:00:19.455] [main/INFO] [ModernFix/]: Injecting BlockStateBase cache population hook into isConditionallyFullOpaque from ca.spottedleaf.starlight.mixin.common.blockstate.BlockStateBaseMixin
[15Oct2025 00:00:22.494] [main/INFO] [net.minecraft.server.Bootstrap/]: Vanilla bootstrap took 3334 milliseconds
[15Oct2025 00:00:22.814] [main/WARN] [mixin/]: Static binding violation: PRIVATE @Overwrite method m_150430_ in mixins.arclight.core.json:world.inventory.AbstractContainerMenuMixin cannot reduce visibiliy of PUBLIC target method, visibility will be upgraded.
[15Oct2025 00:00:23.201] [main/INFO] [net.minecraftforge.coremod.CoreMod.placebo/COREMODLOG]: Patching IForgeItemStack#getEnchantmentLevel
[15Oct2025 00:00:23.201] [main/INFO] [net.minecraftforge.coremod.CoreMod.placebo/COREMODLOG]: Patching IForgeItemStack#getEnchantmentLevel
[15Oct2025 00:00:23.725] [main/WARN] [mixin/]: Injection warning: LVT in net/minecraft/world/item/BoatItem::m_7203_(Lnet/minecraft/world/level/Level;Lnet/minecraft/world/entity/player/Player;Lnet/minecraft/world/InteractionHand;)Lnet/minecraft/world/InteractionResultHolder; has incompatible changes at opcode 158 in callback securitycraft.mixins.json:boat.BoatItemMixin->@Inject::securitycraft$maybeSetSecuritySeaBoatOwner(Lnet/minecraft/world/level/Level;Lnet/minecraft/world/entity/player/Player;Lnet/minecraft/world/InteractionHand;Lorg/spongepowered/asm/mixin/injection/callback/CallbackInfoReturnable;Lnet/minecraft/world/item/ItemStack;Lnet/minecraft/world/phys/HitResult;Lnet/minecraft/world/phys/Vec3;DLjava/util/List;Lnet/minecraft/world/entity/vehicle/Boat;)V.
 Expected: [Lnet/minecraft/world/item/ItemStack;, Lnet/minecraft/world/phys/HitResult;, Lnet/minecraft/world/phys/Vec3;, D, Ljava/util/List;, Lnet/minecraft/world/entity/vehicle/Boat;]
    Found: [Lnet/minecraft/world/item/ItemStack;, Lnet/minecraft/world/phys/BlockHitResult;, Lnet/minecraft/world/phys/Vec3;, D, Ljava/util/List;, Lnet/minecraft/world/entity/vehicle/Boat;]
Available: [Lnet/minecraft/world/item/ItemStack;, Lnet/minecraft/world/phys/BlockHitResult;, Lnet/minecraft/world/phys/Vec3;, D, Ljava/util/List;, Lnet/minecraft/world/entity/vehicle/Boat;, Ljava/util/Iterator;, Lnet/minecraft/world/entity/Entity;, Lnet/minecraft/world/phys/AABB;]
[15Oct2025 00:00:24.717] [main/WARN] [mixin/]: Static binding violation: PRIVATE @Overwrite method m_37547_ in mixins.arclight.core.json:world.entity.projectile.ThrownPotionMixin cannot reduce visibiliy of PUBLIC target method, visibility will be upgraded.
[15Oct2025 00:00:25.404] [main/WARN] [mixin/]: Static binding violation: PRIVATE @Overwrite method m_230427_ in modernfix-common.mixins.json:perf.cache_upgraded_structures.StructureManagerMixin cannot reduce visibiliy of PUBLIC target method, visibility will be upgraded.
[15Oct2025 00:00:25.899] [main/WARN] [mixin/]: @ModifyConstant conflict. Skipping dungeonnowloading.forge.mixins.json:forge.structures.StructurePoolMixin->@ModifyConstant::dungeonnowloading_increaseWeightLimit(I)I with priority 1000, already redirected by yungsapi_forge.mixins.json:IncreaseStructureWeightLimitMixinForge->@ModifyConstant::yungsapi_increaseWeightLimit(I)I with priority 1000
[15Oct2025 00:00:25.966] [main/WARN] [mixin/]: Static binding violation: PRIVATE @Overwrite method m_47505_ in modernfix-common.mixins.json:perf.remove_biome_temperature_cache.BiomeMixin cannot reduce visibiliy of PUBLIC target method, visibility will be upgraded.
[15Oct2025 00:00:27.414] [modloading-worker-0/INFO] [dev.architectury.networking.forge.NetworkManagerImpl/]: Registering C2S receiver with id architectury:sync_ids
[15Oct2025 00:00:27.421] [modloading-worker-0/INFO] [com.cupboard.Cupboard/]: Loaded config for: cupboard.json
[15Oct2025 00:00:27.612] [modloading-worker-0/INFO] [de.cristelknight999.wwoo_forge.wwoo_forge/]: Enabling William Wythers' Overhauled Overworld [FORGE]
[15Oct2025 00:00:27.681] [modloading-worker-0/INFO] [Puzzles Lib/]: Constructing common components for easymagic:main
[15Oct2025 00:00:27.800] [modloading-worker-0/INFO] [com.jtorleonstudios.libraryferret.LibraryFerret/]: Initialize mod Library Ferret
[15Oct2025 00:00:27.819] [modloading-worker-0/INFO] [com.jtorleonstudios.libraryferret.LibraryFerret/]: Initialized mod Library Ferret
[15Oct2025 00:00:27.967] [modloading-worker-0/INFO] [graveyard/]: Registered JSON trade offer adapter.
[15Oct2025 00:00:27.993] [modloading-worker-0/INFO] [Dungeon Crawl/]: Here we go! Launching Dungeon Crawl 2.3.15...
[15Oct2025 00:00:28.160] [modloading-worker-0/INFO] [net.minecraftforge.common.ForgeMod/FORGEMOD]: Forge mod loading, version 47.3.22, for MC 1.20.1 with MCP 20230612.114412
[15Oct2025 00:00:28.160] [modloading-worker-0/INFO] [net.minecraftforge.common.MinecraftForge/FORGE]: MinecraftForge v47.3.22 Initialized
[15Oct2025 00:00:28.611] [modloading-worker-0/INFO] [com.teamdurt.netherdungeons.NetherDungeons/]: Nether Dungeons mod init finished.
[15Oct2025 00:00:28.672] [modloading-worker-0/INFO] [Dungeon Now Loading/]: Hello Forge world!
[15Oct2025 00:00:28.714] [modloading-worker-0/INFO] [terrablender/]: Registered region minecraft:overworld to index 0 for type OVERWORLD
[15Oct2025 00:00:28.715] [modloading-worker-0/INFO] [terrablender/]: Registered region minecraft:nether to index 0 for type NETHER
[15Oct2025 00:00:28.715] [modloading-worker-0/INFO] [terrablender/]: Registered region palegardenbackport:overworld to index 1 for type OVERWORLD
[15Oct2025 00:00:28.725] [modloading-worker-0/INFO] [Ksyxis/MOD_KSYXIS]: Ksyxis: Booting... (platform: Forge/KForge, manual: false)
[15Oct2025 00:00:28.726] [modloading-worker-0/INFO] [Ksyxis/MOD_KSYXIS]: Ksyxis: Ready. As always, this mod will speed up your world loading and might or might not break it. (mixinVersion: 0.8.5, time: 0 ms)
[15Oct2025 00:00:29.017] [modloading-worker-0/INFO] [Arclight/]: Arclight Mod 已加载
[15Oct2025 00:00:29.049] [modloading-worker-0/INFO] [Arclight/]: Arclight 事件系统已注册
[15Oct2025 00:00:29.089] [modloading-worker-0/INFO] [Puzzles Lib/]: Constructing common components for puzzleslib:main
[15Oct2025 00:00:29.177] [modloading-worker-0/INFO] [thedarkcolour.kotlinforforge.test.KotlinForForge/]: Kotlin For Forge Enabled!
[15Oct2025 00:00:33.201] [main/INFO] [ModdingLegacy/StructureGel/]: [structure_gel] Registering data for structure_gel:loot_table_alias
[15Oct2025 00:00:33.214] [main/INFO] [ModdingLegacy/StructureGel/]: [structure_gel] Registering data for structure_gel:data_handler_type
[15Oct2025 00:00:33.215] [main/INFO] [ModdingLegacy/StructureGel/]: [structure_gel] Registering data for structure_gel:dynamic_spawner
[15Oct2025 00:00:33.218] [main/INFO] [ModdingLegacy/StructureGel/]: [structure_gel] Registering data for structure_gel:jigsaw_type
[15Oct2025 00:00:33.423] [main/WARN] [net.minecraft.network.syncher.SynchedEntityData/]: defineId called for: class net.miauczel.legendary_monsters.entity.AnimatedMonster.Mobs.Shulker_MimicEntity from class net.miauczel.legendary_monsters.entity.AnimatedMonster.Old.OldShulkerMimic
[15Oct2025 00:00:33.423] [main/WARN] [net.minecraft.network.syncher.SynchedEntityData/]: defineId called for: class net.miauczel.legendary_monsters.entity.AnimatedMonster.IAnimatedBoss.CloudGolem.Cloud_GolemEntity from class net.miauczel.legendary_monsters.entity.AnimatedMonster.OriginClasses.IAnimatedBoss
[15Oct2025 00:00:33.423] [main/WARN] [net.minecraft.network.syncher.SynchedEntityData/]: defineId called for: class net.miauczel.legendary_monsters.entity.AnimatedMonster.IAnimatedBoss.CloudGolem.Cloud_GolemEntity from class net.miauczel.legendary_monsters.entity.AnimatedMonster.OriginClasses.IAnimatedBoss
[15Oct2025 00:00:33.423] [main/WARN] [net.minecraft.network.syncher.SynchedEntityData/]: defineId called for: class net.miauczel.legendary_monsters.entity.AnimatedMonster.IAnimatedBoss.CloudGolem.Cloud_GolemEntity from class net.miauczel.legendary_monsters.entity.AnimatedMonster.OriginClasses.IAnimatedBoss
[15Oct2025 00:00:33.888] [modloading-worker-0/INFO] [com.connectivity.Connectivity/]: Connectivity initialized
[15Oct2025 00:00:34.040] [modloading-worker-0/INFO] [Dungeon Crawl/]: Common Setup
[15Oct2025 00:00:34.063] [modloading-worker-0/INFO] [voicechat/]: [voicechat] Compatibility version 20
[15Oct2025 00:00:34.099] [Forge Version Check/INFO] [net.minecraftforge.fml.VersionChecker/]: [piglinproliferation] Starting version check at https://api.modrinth.com/updates/piglin-proliferation/forge_updates.json
[15Oct2025 00:00:34.174] [modloading-worker-0/INFO] [voicechat/]: [voicechat] Loading plugins
[15Oct2025 00:00:34.188] [modloading-worker-0/INFO] [voicechat/]: [voicechat] Loaded 0 plugin(s)
[15Oct2025 00:00:34.188] [modloading-worker-0/INFO] [voicechat/]: [voicechat] Initializing plugins
[15Oct2025 00:00:34.188] [modloading-worker-0/INFO] [voicechat/]: [voicechat] Initialized 0 plugin(s)
[15Oct2025 00:00:34.217] [Thread-0/INFO] [ModernFix/]: Please use /mfsrc to reload any changed mod config files
[15Oct2025 00:00:34.422] [Forge Version Check/INFO] [net.minecraftforge.fml.VersionChecker/]: [piglinproliferation] Found status: UP_TO_DATE Current: 1.20.1-1.2.6 Target: null
[15Oct2025 00:00:34.422] [Forge Version Check/INFO] [net.minecraftforge.fml.VersionChecker/]: [additionalstructures] Starting version check at https://raw.githubusercontent.com/XxRexRaptorxX/Update-Checker/main/AdditionalStructures.json
[15Oct2025 00:00:34.457] [main/INFO] [com.eeeab.eeeabsmobs.EEEABMobs/]: Starting to register Curios item...
[15Oct2025 00:00:34.458] [Forge Version Check/INFO] [net.minecraftforge.fml.VersionChecker/]: [additionalstructures] Found status: UP_TO_DATE Current: 4.2.2 Target: null
[15Oct2025 00:00:34.458] [Forge Version Check/INFO] [net.minecraftforge.fml.VersionChecker/]: [structure_gel] Starting version check at http://changelogs.moddinglegacy.com/structure-gel.json
[15Oct2025 00:00:34.469] [main/INFO] [terrablender/]: Registered region yungscavebiomes:overworld to index 2 for type OVERWORLD
[15Oct2025 00:00:34.650] [Forge Version Check/INFO] [net.minecraftforge.fml.VersionChecker/]: [structure_gel] Found status: BETA Current: 2.16.2 Target: null
[15Oct2025 00:00:34.650] [Forge Version Check/INFO] [net.minecraftforge.fml.VersionChecker/]: [dungeons_enhanced] Starting version check at https://raw.githubusercontent.com/Ametrin-Studios/DungeonsEnhanced/refs/heads/master/update.json
[15Oct2025 00:00:34.659] [Forge Version Check/INFO] [net.minecraftforge.fml.VersionChecker/]: [dungeons_enhanced] Found status: OUTDATED Current: 5.4.2 Target: 5.4.3
[15Oct2025 00:00:34.659] [Forge Version Check/INFO] [net.minecraftforge.fml.VersionChecker/]: [mr_dungeons_andtaverns] Starting version check at https://api.modrinth.com/updates/tpehi7ww/forge_updates.json
[15Oct2025 00:00:34.801] [Forge Version Check/INFO] [net.minecraftforge.fml.VersionChecker/]: [mr_dungeons_andtaverns] Found status: OUTDATED Current: 3.0.3.f Target: 3.0.3.f+mod
[15Oct2025 00:00:34.801] [Forge Version Check/INFO] [net.minecraftforge.fml.VersionChecker/]: [tombstone] Starting version check at https://raw.githubusercontent.com/Corail31/tombstone_lite/master/update.json
[15Oct2025 00:00:34.810] [Forge Version Check/INFO] [net.minecraftforge.fml.VersionChecker/]: [tombstone] Found status: UP_TO_DATE Current: 9.0.9 Target: null
[15Oct2025 00:00:34.810] [Forge Version Check/INFO] [net.minecraftforge.fml.VersionChecker/]: [mr_qraftys_endvillages] Starting version check at https://api.modrinth.com/updates/NFlNaUBA/forge_updates.json
[15Oct2025 00:00:34.821] [modloading-worker-0/INFO] [com.choicetheorem.imst.imst/]: Got IMC []
[15Oct2025 00:00:34.872] [Forge Version Check/INFO] [net.minecraftforge.fml.VersionChecker/]: [mr_qraftys_endvillages] Found status: OUTDATED Current: 1 Target: 1+mod
[15Oct2025 00:00:34.872] [Forge Version Check/INFO] [net.minecraftforge.fml.VersionChecker/]: [mr_limesplatus_ending] Starting version check at https://api.modrinth.com/updates/MCnBYP0b/forge_updates.json
[15Oct2025 00:00:34.922] [modloading-worker-0/INFO] [com.eeeab.eeeabsmobs.EEEABMobs/]: Registering custom criteria trigger...
[15Oct2025 00:00:34.937] [Forge Version Check/INFO] [net.minecraftforge.fml.VersionChecker/]: [mr_limesplatus_ending] Found status: OUTDATED Current: 1-v1.1.0c Target: 1.1.0c+mod
[15Oct2025 00:00:34.937] [Forge Version Check/INFO] [net.minecraftforge.fml.VersionChecker/]: [mr_qraftyfied] Starting version check at https://api.modrinth.com/updates/ibnDR6oc/forge_updates.json
[15Oct2025 00:00:34.975] [main/INFO] [citadel/]: adding citadel surface rules via terrablender...
[15Oct2025 00:00:34.977] [main/INFO] [citadel/]: Added 0 vanilla biome surface rule types via terrablender
[15Oct2025 00:00:34.977] [main/INFO] [citadel/]: Added 0 modded biome surface rule types via terrablender
[15Oct2025 00:00:35.061] [Forge Version Check/INFO] [net.minecraftforge.fml.VersionChecker/]: [mr_qraftyfied] Found status: OUTDATED Current: 6 Target: 6+mod
[15Oct2025 00:00:35.061] [Forge Version Check/INFO] [net.minecraftforge.fml.VersionChecker/]: [easymagic] Starting version check at https://raw.githubusercontent.com/Fuzss/modresources/main/update/easymagic.json
[15Oct2025 00:00:35.070] [Forge Version Check/INFO] [net.minecraftforge.fml.VersionChecker/]: [easymagic] Found status: UP_TO_DATE Current: 8.0.1 Target: null
[15Oct2025 00:00:35.070] [Forge Version Check/INFO] [net.minecraftforge.fml.VersionChecker/]: [puzzlesaccessapi] Starting version check at https://raw.githubusercontent.com/Fuzss/modresources/main/update/puzzlesaccessapi.json
[15Oct2025 00:00:35.082] [Forge Version Check/INFO] [net.minecraftforge.fml.VersionChecker/]: [puzzlesaccessapi] Found status: BETA Current: 20.1.1 Target: null
[15Oct2025 00:00:35.082] [Forge Version Check/INFO] [net.minecraftforge.fml.VersionChecker/]: [forge] Starting version check at https://files.minecraftforge.net/net/minecraftforge/forge/promotions_slim.json
[15Oct2025 00:00:35.182] [Forge Version Check/INFO] [net.minecraftforge.fml.VersionChecker/]: [forge] Found status: OUTDATED Current: 47.3.22 Target: 47.4.0
[15Oct2025 00:00:35.182] [Forge Version Check/INFO] [net.minecraftforge.fml.VersionChecker/]: [voicechat] Starting version check at https://update.maxhenkel.de/forge/voicechat
[15Oct2025 00:00:35.205] [main/ERROR] [net.minecraft.Util/]: Entity illageandspillage:bone has no attributes
[15Oct2025 00:00:35.205] [main/ERROR] [net.minecraft.Util/]: Entity illageandspillage:axe has no attributes
[15Oct2025 00:00:35.205] [main/ERROR] [net.minecraft.Util/]: Entity dungeonnowloading:fairkeeper_serpent_caller has no attributes
[15Oct2025 00:00:35.206] [main/ERROR] [net.minecraft.Util/]: Entity illageandspillage:bone has no attributes
[15Oct2025 00:00:35.206] [main/ERROR] [net.minecraft.Util/]: Entity illageandspillage:axe has no attributes
[15Oct2025 00:00:35.206] [main/ERROR] [net.minecraft.Util/]: Entity dungeonnowloading:fairkeeper_serpent_caller has no attributes
[15Oct2025 00:00:35.208] [main/ERROR] [net.minecraft.Util/]: Entity illageandspillage:bone has no attributes
[15Oct2025 00:00:35.208] [main/ERROR] [net.minecraft.Util/]: Entity illageandspillage:axe has no attributes
[15Oct2025 00:00:35.208] [main/ERROR] [net.minecraft.Util/]: Entity dungeonnowloading:fairkeeper_serpent_caller has no attributes
[15Oct2025 00:00:35.208] [main/ERROR] [net.minecraft.Util/]: Entity illageandspillage:bone has no attributes
[15Oct2025 00:00:35.208] [main/ERROR] [net.minecraft.Util/]: Entity illageandspillage:axe has no attributes
[15Oct2025 00:00:35.208] [main/ERROR] [net.minecraft.Util/]: Entity dungeonnowloading:fairkeeper_serpent_caller has no attributes
[15Oct2025 00:00:35.208] [main/ERROR] [net.minecraft.Util/]: Entity illageandspillage:bone has no attributes
[15Oct2025 00:00:35.208] [main/ERROR] [net.minecraft.Util/]: Entity illageandspillage:axe has no attributes
[15Oct2025 00:00:35.208] [main/ERROR] [net.minecraft.Util/]: Entity dungeonnowloading:fairkeeper_serpent_caller has no attributes
[15Oct2025 00:00:35.209] [main/ERROR] [net.minecraft.Util/]: Entity illageandspillage:bone has no attributes
[15Oct2025 00:00:35.209] [main/ERROR] [net.minecraft.Util/]: Entity illageandspillage:axe has no attributes
[15Oct2025 00:00:35.209] [main/ERROR] [net.minecraft.Util/]: Entity dungeonnowloading:fairkeeper_serpent_caller has no attributes
[15Oct2025 00:00:35.209] [main/ERROR] [net.minecraft.Util/]: Entity illageandspillage:bone has no attributes
[15Oct2025 00:00:35.209] [main/ERROR] [net.minecraft.Util/]: Entity illageandspillage:axe has no attributes
[15Oct2025 00:00:35.209] [main/ERROR] [net.minecraft.Util/]: Entity dungeonnowloading:fairkeeper_serpent_caller has no attributes
[15Oct2025 00:00:35.209] [main/ERROR] [net.minecraft.Util/]: Entity illageandspillage:bone has no attributes
[15Oct2025 00:00:35.209] [main/ERROR] [net.minecraft.Util/]: Entity illageandspillage:axe has no attributes
[15Oct2025 00:00:35.209] [main/ERROR] [net.minecraft.Util/]: Entity dungeonnowloading:fairkeeper_serpent_caller has no attributes
[15Oct2025 00:00:35.209] [main/ERROR] [net.minecraft.Util/]: Entity illageandspillage:bone has no attributes
[15Oct2025 00:00:35.209] [main/ERROR] [net.minecraft.Util/]: Entity illageandspillage:axe has no attributes
[15Oct2025 00:00:35.209] [main/ERROR] [net.minecraft.Util/]: Entity dungeonnowloading:fairkeeper_serpent_caller has no attributes
[15Oct2025 00:00:35.209] [main/ERROR] [net.minecraft.Util/]: Entity illageandspillage:bone has no attributes
[15Oct2025 00:00:35.209] [main/ERROR] [net.minecraft.Util/]: Entity illageandspillage:axe has no attributes
[15Oct2025 00:00:35.209] [main/ERROR] [net.minecraft.Util/]: Entity dungeonnowloading:fairkeeper_serpent_caller has no attributes
[15Oct2025 00:00:35.210] [main/ERROR] [net.minecraft.Util/]: Entity illageandspillage:bone has no attributes
[15Oct2025 00:00:35.210] [main/ERROR] [net.minecraft.Util/]: Entity illageandspillage:axe has no attributes
[15Oct2025 00:00:35.210] [main/ERROR] [net.minecraft.Util/]: Entity dungeonnowloading:fairkeeper_serpent_caller has no attributes
[15Oct2025 00:00:35.210] [main/ERROR] [net.minecraft.Util/]: Entity illageandspillage:bone has no attributes
[15Oct2025 00:00:35.210] [main/ERROR] [net.minecraft.Util/]: Entity illageandspillage:axe has no attributes
[15Oct2025 00:00:35.210] [main/ERROR] [net.minecraft.Util/]: Entity dungeonnowloading:fairkeeper_serpent_caller has no attributes
[15Oct2025 00:00:35.210] [main/ERROR] [net.minecraft.Util/]: Entity illageandspillage:bone has no attributes
[15Oct2025 00:00:35.210] [main/ERROR] [net.minecraft.Util/]: Entity illageandspillage:axe has no attributes
[15Oct2025 00:00:35.210] [main/ERROR] [net.minecraft.Util/]: Entity dungeonnowloading:fairkeeper_serpent_caller has no attributes
[15Oct2025 00:00:35.210] [main/ERROR] [net.minecraft.Util/]: Entity illageandspillage:bone has no attributes
[15Oct2025 00:00:35.210] [main/ERROR] [net.minecraft.Util/]: Entity illageandspillage:axe has no attributes
[15Oct2025 00:00:35.210] [main/ERROR] [net.minecraft.Util/]: Entity dungeonnowloading:fairkeeper_serpent_caller has no attributes
[15Oct2025 00:00:35.210] [main/ERROR] [net.minecraft.Util/]: Entity illageandspillage:bone has no attributes
[15Oct2025 00:00:35.210] [main/ERROR] [net.minecraft.Util/]: Entity illageandspillage:axe has no attributes
[15Oct2025 00:00:35.210] [main/ERROR] [net.minecraft.Util/]: Entity dungeonnowloading:fairkeeper_serpent_caller has no attributes
[15Oct2025 00:00:35.210] [main/ERROR] [net.minecraft.Util/]: Entity illageandspillage:bone has no attributes
[15Oct2025 00:00:35.210] [main/ERROR] [net.minecraft.Util/]: Entity illageandspillage:axe has no attributes
[15Oct2025 00:00:35.210] [main/ERROR] [net.minecraft.Util/]: Entity dungeonnowloading:fairkeeper_serpent_caller has no attributes
[15Oct2025 00:00:35.211] [main/ERROR] [net.minecraft.Util/]: Entity illageandspillage:bone has no attributes
[15Oct2025 00:00:35.211] [main/ERROR] [net.minecraft.Util/]: Entity illageandspillage:axe has no attributes
[15Oct2025 00:00:35.211] [main/ERROR] [net.minecraft.Util/]: Entity dungeonnowloading:fairkeeper_serpent_caller has no attributes
[15Oct2025 00:00:35.211] [main/ERROR] [net.minecraft.Util/]: Entity illageandspillage:bone has no attributes
[15Oct2025 00:00:35.211] [main/ERROR] [net.minecraft.Util/]: Entity illageandspillage:axe has no attributes
[15Oct2025 00:00:35.211] [main/ERROR] [net.minecraft.Util/]: Entity dungeonnowloading:fairkeeper_serpent_caller has no attributes
[15Oct2025 00:00:35.211] [main/ERROR] [net.minecraft.Util/]: Entity illageandspillage:bone has no attributes
[15Oct2025 00:00:35.211] [main/ERROR] [net.minecraft.Util/]: Entity illageandspillage:axe has no attributes
[15Oct2025 00:00:35.211] [main/ERROR] [net.minecraft.Util/]: Entity dungeonnowloading:fairkeeper_serpent_caller has no attributes
[15Oct2025 00:00:35.211] [main/ERROR] [net.minecraft.Util/]: Entity illageandspillage:bone has no attributes
[15Oct2025 00:00:35.211] [main/ERROR] [net.minecraft.Util/]: Entity illageandspillage:axe has no attributes
[15Oct2025 00:00:35.211] [main/ERROR] [net.minecraft.Util/]: Entity dungeonnowloading:fairkeeper_serpent_caller has no attributes
[15Oct2025 00:00:35.211] [main/ERROR] [net.minecraft.Util/]: Entity illageandspillage:bone has no attributes
[15Oct2025 00:00:35.211] [main/ERROR] [net.minecraft.Util/]: Entity illageandspillage:axe has no attributes
[15Oct2025 00:00:35.211] [main/ERROR] [net.minecraft.Util/]: Entity dungeonnowloading:fairkeeper_serpent_caller has no attributes
[15Oct2025 00:00:35.212] [main/ERROR] [net.minecraft.Util/]: Entity illageandspillage:bone has no attributes
[15Oct2025 00:00:35.212] [main/ERROR] [net.minecraft.Util/]: Entity illageandspillage:axe has no attributes
[15Oct2025 00:00:35.212] [main/ERROR] [net.minecraft.Util/]: Entity dungeonnowloading:fairkeeper_serpent_caller has no attributes
[15Oct2025 00:00:35.212] [main/ERROR] [net.minecraft.Util/]: Entity illageandspillage:bone has no attributes
[15Oct2025 00:00:35.212] [main/ERROR] [net.minecraft.Util/]: Entity illageandspillage:axe has no attributes
[15Oct2025 00:00:35.212] [main/ERROR] [net.minecraft.Util/]: Entity dungeonnowloading:fairkeeper_serpent_caller has no attributes
[15Oct2025 00:00:35.212] [main/ERROR] [net.minecraft.Util/]: Entity illageandspillage:bone has no attributes
[15Oct2025 00:00:35.212] [main/ERROR] [net.minecraft.Util/]: Entity illageandspillage:axe has no attributes
[15Oct2025 00:00:35.212] [main/ERROR] [net.minecraft.Util/]: Entity dungeonnowloading:fairkeeper_serpent_caller has no attributes
[15Oct2025 00:00:35.212] [main/ERROR] [net.minecraft.Util/]: Entity illageandspillage:bone has no attributes
[15Oct2025 00:00:35.212] [main/ERROR] [net.minecraft.Util/]: Entity illageandspillage:axe has no attributes
[15Oct2025 00:00:35.212] [main/ERROR] [net.minecraft.Util/]: Entity dungeonnowloading:fairkeeper_serpent_caller has no attributes
[15Oct2025 00:00:35.212] [main/ERROR] [net.minecraft.Util/]: Entity illageandspillage:bone has no attributes
[15Oct2025 00:00:35.212] [main/ERROR] [net.minecraft.Util/]: Entity illageandspillage:axe has no attributes
[15Oct2025 00:00:35.213] [main/ERROR] [net.minecraft.Util/]: Entity dungeonnowloading:fairkeeper_serpent_caller has no attributes
[15Oct2025 00:00:35.651] [main/INFO] [com.mojang.authlib.yggdrasil.YggdrasilAuthenticationService/]: Environment: authHost='https://authserver.mojang.com', accountsHost='https://api.mojang.com', sessionHost='https://sessionserver.mojang.com', servicesHost='https://api.minecraftservices.com', name='PROD'
[15Oct2025 00:00:35.691] [Forge Version Check/INFO] [net.minecraftforge.fml.VersionChecker/]: [voicechat] Found status: AHEAD Current: 1.20.1-2.6.5 Target: null
[15Oct2025 00:00:35.691] [Forge Version Check/INFO] [net.minecraftforge.fml.VersionChecker/]: [ksyxis] Starting version check at https://raw.githubusercontent.com/VidTu/Ksyxis/main/updater_ksyxis_forge.json
[15Oct2025 00:00:35.705] [Forge Version Check/INFO] [net.minecraftforge.fml.VersionChecker/]: [ksyxis] Found status: UP_TO_DATE Current: 1.3.4 Target: null
[15Oct2025 00:00:35.705] [Forge Version Check/INFO] [net.minecraftforge.fml.VersionChecker/]: [securitycraft] Starting version check at https://www.github.com/Geforce132/SecurityCraft/raw/master/Updates/Forge.json
[15Oct2025 00:00:35.769] [main/INFO] [ModernFix/]: Bypassed Mojang DFU
[15Oct2025 00:00:35.798] [Forge Version Check/INFO] [net.minecraftforge.fml.VersionChecker/]: [securitycraft] Found status: UP_TO_DATE Current: 1.10.0.1 Target: null
[15Oct2025 00:00:35.798] [Forge Version Check/INFO] [net.minecraftforge.fml.VersionChecker/]: [puzzleslib] Starting version check at https://raw.githubusercontent.com/Fuzss/modresources/main/update/puzzleslib.json
[15Oct2025 00:00:35.807] [Forge Version Check/INFO] [net.minecraftforge.fml.VersionChecker/]: [puzzleslib] Found status: UP_TO_DATE Current: 8.1.33 Target: null
[15Oct2025 00:00:35.807] [Forge Version Check/INFO] [net.minecraftforge.fml.VersionChecker/]: [mr_trek] Starting version check at https://api.modrinth.com/updates/h2jngREY/forge_updates.json
[15Oct2025 00:00:35.905] [Forge Version Check/INFO] [net.minecraftforge.fml.VersionChecker/]: [mr_trek] Found status: BETA Current: 1-B0.5.1 Target: B0.5.1+mod
[15Oct2025 00:00:35.981] [main/ERROR] [net.minecraft.Util/]: Entity illageandspillage:bone has no attributes
[15Oct2025 00:00:35.981] [main/ERROR] [net.minecraft.Util/]: Entity illageandspillage:axe has no attributes
[15Oct2025 00:00:35.982] [main/ERROR] [net.minecraft.Util/]: Entity dungeonnowloading:fairkeeper_serpent_caller has no attributes
[15Oct2025 00:00:35.982] [main/ERROR] [net.minecraft.Util/]: Entity illageandspillage:bone has no attributes
[15Oct2025 00:00:35.982] [main/ERROR] [net.minecraft.Util/]: Entity illageandspillage:axe has no attributes
[15Oct2025 00:00:35.982] [main/ERROR] [net.minecraft.Util/]: Entity dungeonnowloading:fairkeeper_serpent_caller has no attributes
[15Oct2025 00:00:35.982] [main/ERROR] [net.minecraft.Util/]: Entity illageandspillage:bone has no attributes
[15Oct2025 00:00:35.982] [main/ERROR] [net.minecraft.Util/]: Entity illageandspillage:axe has no attributes
[15Oct2025 00:00:35.982] [main/ERROR] [net.minecraft.Util/]: Entity dungeonnowloading:fairkeeper_serpent_caller has no attributes
[15Oct2025 00:00:35.982] [main/ERROR] [net.minecraft.Util/]: Entity illageandspillage:bone has no attributes
[15Oct2025 00:00:35.982] [main/ERROR] [net.minecraft.Util/]: Entity illageandspillage:axe has no attributes
[15Oct2025 00:00:35.982] [main/ERROR] [net.minecraft.Util/]: Entity dungeonnowloading:fairkeeper_serpent_caller has no attributes
[15Oct2025 00:00:35.983] [main/ERROR] [net.minecraft.Util/]: Entity illageandspillage:bone has no attributes
[15Oct2025 00:00:35.983] [main/ERROR] [net.minecraft.Util/]: Entity illageandspillage:axe has no attributes
[15Oct2025 00:00:35.983] [main/ERROR] [net.minecraft.Util/]: Entity dungeonnowloading:fairkeeper_serpent_caller has no attributes
[15Oct2025 00:00:35.983] [main/ERROR] [net.minecraft.Util/]: Entity illageandspillage:bone has no attributes
[15Oct2025 00:00:35.983] [main/ERROR] [net.minecraft.Util/]: Entity illageandspillage:axe has no attributes
[15Oct2025 00:00:35.983] [main/ERROR] [net.minecraft.Util/]: Entity dungeonnowloading:fairkeeper_serpent_caller has no attributes
[15Oct2025 00:00:35.983] [main/ERROR] [net.minecraft.Util/]: Entity illageandspillage:bone has no attributes
[15Oct2025 00:00:35.983] [main/ERROR] [net.minecraft.Util/]: Entity illageandspillage:axe has no attributes
[15Oct2025 00:00:35.983] [main/ERROR] [net.minecraft.Util/]: Entity dungeonnowloading:fairkeeper_serpent_caller has no attributes
[15Oct2025 00:00:35.983] [main/ERROR] [net.minecraft.Util/]: Entity illageandspillage:bone has no attributes
[15Oct2025 00:00:35.983] [main/ERROR] [net.minecraft.Util/]: Entity illageandspillage:axe has no attributes
[15Oct2025 00:00:35.983] [main/ERROR] [net.minecraft.Util/]: Entity dungeonnowloading:fairkeeper_serpent_caller has no attributes
[15Oct2025 00:00:35.984] [main/ERROR] [net.minecraft.Util/]: Entity illageandspillage:bone has no attributes
[15Oct2025 00:00:35.984] [main/ERROR] [net.minecraft.Util/]: Entity illageandspillage:axe has no attributes
[15Oct2025 00:00:35.984] [main/ERROR] [net.minecraft.Util/]: Entity dungeonnowloading:fairkeeper_serpent_caller has no attributes
[15Oct2025 00:00:35.984] [main/ERROR] [net.minecraft.Util/]: Entity illageandspillage:bone has no attributes
[15Oct2025 00:00:35.984] [main/ERROR] [net.minecraft.Util/]: Entity illageandspillage:axe has no attributes
[15Oct2025 00:00:35.984] [main/ERROR] [net.minecraft.Util/]: Entity dungeonnowloading:fairkeeper_serpent_caller has no attributes
[15Oct2025 00:00:35.984] [main/ERROR] [net.minecraft.Util/]: Entity illageandspillage:bone has no attributes
[15Oct2025 00:00:35.984] [main/ERROR] [net.minecraft.Util/]: Entity illageandspillage:axe has no attributes
[15Oct2025 00:00:35.984] [main/ERROR] [net.minecraft.Util/]: Entity dungeonnowloading:fairkeeper_serpent_caller has no attributes
[15Oct2025 00:00:35.984] [main/ERROR] [net.minecraft.Util/]: Entity illageandspillage:bone has no attributes
[15Oct2025 00:00:35.984] [main/ERROR] [net.minecraft.Util/]: Entity illageandspillage:axe has no attributes
[15Oct2025 00:00:35.984] [main/ERROR] [net.minecraft.Util/]: Entity dungeonnowloading:fairkeeper_serpent_caller has no attributes
[15Oct2025 00:00:35.985] [main/ERROR] [net.minecraft.Util/]: Entity illageandspillage:bone has no attributes
[15Oct2025 00:00:35.985] [main/ERROR] [net.minecraft.Util/]: Entity illageandspillage:axe has no attributes
[15Oct2025 00:00:35.985] [main/ERROR] [net.minecraft.Util/]: Entity dungeonnowloading:fairkeeper_serpent_caller has no attributes
[15Oct2025 00:00:35.985] [main/ERROR] [net.minecraft.Util/]: Entity illageandspillage:bone has no attributes
[15Oct2025 00:00:35.985] [main/ERROR] [net.minecraft.Util/]: Entity illageandspillage:axe has no attributes
[15Oct2025 00:00:35.985] [main/ERROR] [net.minecraft.Util/]: Entity dungeonnowloading:fairkeeper_serpent_caller has no attributes
[15Oct2025 00:00:35.985] [main/ERROR] [net.minecraft.Util/]: Entity illageandspillage:bone has no attributes
[15Oct2025 00:00:35.985] [main/ERROR] [net.minecraft.Util/]: Entity illageandspillage:axe has no attributes
[15Oct2025 00:00:35.985] [main/ERROR] [net.minecraft.Util/]: Entity dungeonnowloading:fairkeeper_serpent_caller has no attributes
[15Oct2025 00:00:35.985] [main/ERROR] [net.minecraft.Util/]: Entity illageandspillage:bone has no attributes
[15Oct2025 00:00:35.985] [main/ERROR] [net.minecraft.Util/]: Entity illageandspillage:axe has no attributes
[15Oct2025 00:00:35.985] [main/ERROR] [net.minecraft.Util/]: Entity dungeonnowloading:fairkeeper_serpent_caller has no attributes
[15Oct2025 00:00:35.985] [main/ERROR] [net.minecraft.Util/]: Entity illageandspillage:bone has no attributes
[15Oct2025 00:00:35.985] [main/ERROR] [net.minecraft.Util/]: Entity illageandspillage:axe has no attributes
[15Oct2025 00:00:35.985] [main/ERROR] [net.minecraft.Util/]: Entity dungeonnowloading:fairkeeper_serpent_caller has no attributes
[15Oct2025 00:00:35.986] [main/ERROR] [net.minecraft.Util/]: Entity illageandspillage:bone has no attributes
[15Oct2025 00:00:35.986] [main/ERROR] [net.minecraft.Util/]: Entity illageandspillage:axe has no attributes
[15Oct2025 00:00:35.986] [main/ERROR] [net.minecraft.Util/]: Entity dungeonnowloading:fairkeeper_serpent_caller has no attributes
[15Oct2025 00:00:35.986] [main/ERROR] [net.minecraft.Util/]: Entity illageandspillage:bone has no attributes
[15Oct2025 00:00:35.986] [main/ERROR] [net.minecraft.Util/]: Entity illageandspillage:axe has no attributes
[15Oct2025 00:00:35.986] [main/ERROR] [net.minecraft.Util/]: Entity dungeonnowloading:fairkeeper_serpent_caller has no attributes
[15Oct2025 00:00:35.986] [main/ERROR] [net.minecraft.Util/]: Entity illageandspillage:bone has no attributes
[15Oct2025 00:00:35.986] [main/ERROR] [net.minecraft.Util/]: Entity illageandspillage:axe has no attributes
[15Oct2025 00:00:35.986] [main/ERROR] [net.minecraft.Util/]: Entity dungeonnowloading:fairkeeper_serpent_caller has no attributes
[15Oct2025 00:00:35.986] [main/ERROR] [net.minecraft.Util/]: Entity illageandspillage:bone has no attributes
[15Oct2025 00:00:35.986] [main/ERROR] [net.minecraft.Util/]: Entity illageandspillage:axe has no attributes
[15Oct2025 00:00:35.986] [main/ERROR] [net.minecraft.Util/]: Entity dungeonnowloading:fairkeeper_serpent_caller has no attributes
[15Oct2025 00:00:35.986] [main/ERROR] [net.minecraft.Util/]: Entity illageandspillage:bone has no attributes
[15Oct2025 00:00:35.986] [main/ERROR] [net.minecraft.Util/]: Entity illageandspillage:axe has no attributes
[15Oct2025 00:00:35.986] [main/ERROR] [net.minecraft.Util/]: Entity dungeonnowloading:fairkeeper_serpent_caller has no attributes
[15Oct2025 00:00:35.987] [main/ERROR] [net.minecraft.Util/]: Entity illageandspillage:bone has no attributes
[15Oct2025 00:00:35.987] [main/ERROR] [net.minecraft.Util/]: Entity illageandspillage:axe has no attributes
[15Oct2025 00:00:35.987] [main/ERROR] [net.minecraft.Util/]: Entity dungeonnowloading:fairkeeper_serpent_caller has no attributes
[15Oct2025 00:00:35.987] [main/ERROR] [net.minecraft.Util/]: Entity illageandspillage:bone has no attributes
[15Oct2025 00:00:35.987] [main/ERROR] [net.minecraft.Util/]: Entity illageandspillage:axe has no attributes
[15Oct2025 00:00:35.987] [main/ERROR] [net.minecraft.Util/]: Entity dungeonnowloading:fairkeeper_serpent_caller has no attributes
[15Oct2025 00:00:35.987] [main/ERROR] [net.minecraft.Util/]: Entity illageandspillage:bone has no attributes
[15Oct2025 00:00:35.987] [main/ERROR] [net.minecraft.Util/]: Entity illageandspillage:axe has no attributes
[15Oct2025 00:00:35.987] [main/ERROR] [net.minecraft.Util/]: Entity dungeonnowloading:fairkeeper_serpent_caller has no attributes
[15Oct2025 00:00:35.988] [main/ERROR] [net.minecraft.Util/]: Entity illageandspillage:bone has no attributes
[15Oct2025 00:00:35.988] [main/ERROR] [net.minecraft.Util/]: Entity illageandspillage:axe has no attributes
[15Oct2025 00:00:35.988] [main/ERROR] [net.minecraft.Util/]: Entity dungeonnowloading:fairkeeper_serpent_caller has no attributes
[15Oct2025 00:00:36.094] [main/ERROR] [net.minecraft.Util/]: Entity illageandspillage:bone has no attributes
[15Oct2025 00:00:36.094] [main/ERROR] [net.minecraft.Util/]: Entity illageandspillage:axe has no attributes
[15Oct2025 00:00:36.094] [main/ERROR] [net.minecraft.Util/]: Entity dungeonnowloading:fairkeeper_serpent_caller has no attributes
[15Oct2025 00:00:36.095] [main/ERROR] [net.minecraft.Util/]: Entity illageandspillage:bone has no attributes
[15Oct2025 00:00:36.095] [main/ERROR] [net.minecraft.Util/]: Entity illageandspillage:axe has no attributes
[15Oct2025 00:00:36.095] [main/ERROR] [net.minecraft.Util/]: Entity dungeonnowloading:fairkeeper_serpent_caller has no attributes
[15Oct2025 00:00:36.095] [main/ERROR] [net.minecraft.Util/]: Entity illageandspillage:bone has no attributes
[15Oct2025 00:00:36.095] [main/ERROR] [net.minecraft.Util/]: Entity illageandspillage:axe has no attributes
[15Oct2025 00:00:36.095] [main/ERROR] [net.minecraft.Util/]: Entity dungeonnowloading:fairkeeper_serpent_caller has no attributes
[15Oct2025 00:00:36.095] [main/ERROR] [net.minecraft.Util/]: Entity illageandspillage:bone has no attributes
[15Oct2025 00:00:36.095] [main/ERROR] [net.minecraft.Util/]: Entity illageandspillage:axe has no attributes
[15Oct2025 00:00:36.095] [main/ERROR] [net.minecraft.Util/]: Entity dungeonnowloading:fairkeeper_serpent_caller has no attributes
[15Oct2025 00:00:36.096] [main/ERROR] [net.minecraft.Util/]: Entity illageandspillage:bone has no attributes
[15Oct2025 00:00:36.096] [main/ERROR] [net.minecraft.Util/]: Entity illageandspillage:axe has no attributes
[15Oct2025 00:00:36.096] [main/ERROR] [net.minecraft.Util/]: Entity dungeonnowloading:fairkeeper_serpent_caller has no attributes
[15Oct2025 00:00:36.096] [main/ERROR] [net.minecraft.Util/]: Entity illageandspillage:bone has no attributes
[15Oct2025 00:00:36.096] [main/ERROR] [net.minecraft.Util/]: Entity illageandspillage:axe has no attributes
[15Oct2025 00:00:36.096] [main/ERROR] [net.minecraft.Util/]: Entity dungeonnowloading:fairkeeper_serpent_caller has no attributes
[15Oct2025 00:00:36.096] [main/ERROR] [net.minecraft.Util/]: Entity illageandspillage:bone has no attributes
[15Oct2025 00:00:36.096] [main/ERROR] [net.minecraft.Util/]: Entity illageandspillage:axe has no attributes
[15Oct2025 00:00:36.096] [main/ERROR] [net.minecraft.Util/]: Entity dungeonnowloading:fairkeeper_serpent_caller has no attributes
[15Oct2025 00:00:36.096] [main/ERROR] [net.minecraft.Util/]: Entity illageandspillage:bone has no attributes
[15Oct2025 00:00:36.096] [main/ERROR] [net.minecraft.Util/]: Entity illageandspillage:axe has no attributes
[15Oct2025 00:00:36.097] [main/ERROR] [net.minecraft.Util/]: Entity dungeonnowloading:fairkeeper_serpent_caller has no attributes
[15Oct2025 00:00:36.097] [main/ERROR] [net.minecraft.Util/]: Entity illageandspillage:bone has no attributes
[15Oct2025 00:00:36.097] [main/ERROR] [net.minecraft.Util/]: Entity illageandspillage:axe has no attributes
[15Oct2025 00:00:36.097] [main/ERROR] [net.minecraft.Util/]: Entity dungeonnowloading:fairkeeper_serpent_caller has no attributes
[15Oct2025 00:00:36.097] [main/ERROR] [net.minecraft.Util/]: Entity illageandspillage:bone has no attributes
[15Oct2025 00:00:36.097] [main/ERROR] [net.minecraft.Util/]: Entity illageandspillage:axe has no attributes
[15Oct2025 00:00:36.097] [main/ERROR] [net.minecraft.Util/]: Entity dungeonnowloading:fairkeeper_serpent_caller has no attributes
[15Oct2025 00:00:36.097] [main/ERROR] [net.minecraft.Util/]: Entity illageandspillage:bone has no attributes
[15Oct2025 00:00:36.097] [main/ERROR] [net.minecraft.Util/]: Entity illageandspillage:axe has no attributes
[15Oct2025 00:00:36.097] [main/ERROR] [net.minecraft.Util/]: Entity dungeonnowloading:fairkeeper_serpent_caller has no attributes
[15Oct2025 00:00:36.098] [main/ERROR] [net.minecraft.Util/]: Entity illageandspillage:bone has no attributes
[15Oct2025 00:00:36.098] [main/ERROR] [net.minecraft.Util/]: Entity illageandspillage:axe has no attributes
[15Oct2025 00:00:36.098] [main/ERROR] [net.minecraft.Util/]: Entity dungeonnowloading:fairkeeper_serpent_caller has no attributes
[15Oct2025 00:00:36.098] [main/ERROR] [net.minecraft.Util/]: Entity illageandspillage:bone has no attributes
[15Oct2025 00:00:36.098] [main/ERROR] [net.minecraft.Util/]: Entity illageandspillage:axe has no attributes
[15Oct2025 00:00:36.098] [main/ERROR] [net.minecraft.Util/]: Entity dungeonnowloading:fairkeeper_serpent_caller has no attributes
[15Oct2025 00:00:36.098] [main/ERROR] [net.minecraft.Util/]: Entity illageandspillage:bone has no attributes
[15Oct2025 00:00:36.098] [main/ERROR] [net.minecraft.Util/]: Entity illageandspillage:axe has no attributes
[15Oct2025 00:00:36.098] [main/ERROR] [net.minecraft.Util/]: Entity dungeonnowloading:fairkeeper_serpent_caller has no attributes
[15Oct2025 00:00:36.098] [main/ERROR] [net.minecraft.Util/]: Entity illageandspillage:bone has no attributes
[15Oct2025 00:00:36.098] [main/ERROR] [net.minecraft.Util/]: Entity illageandspillage:axe has no attributes
[15Oct2025 00:00:36.098] [main/ERROR] [net.minecraft.Util/]: Entity dungeonnowloading:fairkeeper_serpent_caller has no attributes
[15Oct2025 00:00:36.099] [main/ERROR] [net.minecraft.Util/]: Entity illageandspillage:bone has no attributes
[15Oct2025 00:00:36.099] [main/ERROR] [net.minecraft.Util/]: Entity illageandspillage:axe has no attributes
[15Oct2025 00:00:36.099] [main/ERROR] [net.minecraft.Util/]: Entity dungeonnowloading:fairkeeper_serpent_caller has no attributes
[15Oct2025 00:00:36.099] [main/ERROR] [net.minecraft.Util/]: Entity illageandspillage:bone has no attributes
[15Oct2025 00:00:36.099] [main/ERROR] [net.minecraft.Util/]: Entity illageandspillage:axe has no attributes
[15Oct2025 00:00:36.099] [main/ERROR] [net.minecraft.Util/]: Entity dungeonnowloading:fairkeeper_serpent_caller has no attributes
[15Oct2025 00:00:36.099] [main/ERROR] [net.minecraft.Util/]: Entity illageandspillage:bone has no attributes
[15Oct2025 00:00:36.099] [main/ERROR] [net.minecraft.Util/]: Entity illageandspillage:axe has no attributes
[15Oct2025 00:00:36.099] [main/ERROR] [net.minecraft.Util/]: Entity dungeonnowloading:fairkeeper_serpent_caller has no attributes
[15Oct2025 00:00:36.100] [main/ERROR] [net.minecraft.Util/]: Entity illageandspillage:bone has no attributes
[15Oct2025 00:00:36.100] [main/ERROR] [net.minecraft.Util/]: Entity illageandspillage:axe has no attributes
[15Oct2025 00:00:36.100] [main/ERROR] [net.minecraft.Util/]: Entity dungeonnowloading:fairkeeper_serpent_caller has no attributes
[15Oct2025 00:00:36.100] [main/ERROR] [net.minecraft.Util/]: Entity illageandspillage:bone has no attributes
[15Oct2025 00:00:36.100] [main/ERROR] [net.minecraft.Util/]: Entity illageandspillage:axe has no attributes
[15Oct2025 00:00:36.100] [main/ERROR] [net.minecraft.Util/]: Entity dungeonnowloading:fairkeeper_serpent_caller has no attributes
[15Oct2025 00:00:36.100] [main/ERROR] [net.minecraft.Util/]: Entity illageandspillage:bone has no attributes
[15Oct2025 00:00:36.100] [main/ERROR] [net.minecraft.Util/]: Entity illageandspillage:axe has no attributes
[15Oct2025 00:00:36.100] [main/ERROR] [net.minecraft.Util/]: Entity dungeonnowloading:fairkeeper_serpent_caller has no attributes
[15Oct2025 00:00:36.100] [main/ERROR] [net.minecraft.Util/]: Entity illageandspillage:bone has no attributes
[15Oct2025 00:00:36.100] [main/ERROR] [net.minecraft.Util/]: Entity illageandspillage:axe has no attributes
[15Oct2025 00:00:36.100] [main/ERROR] [net.minecraft.Util/]: Entity dungeonnowloading:fairkeeper_serpent_caller has no attributes
[15Oct2025 00:00:36.101] [main/ERROR] [net.minecraft.Util/]: Entity illageandspillage:bone has no attributes
[15Oct2025 00:00:36.101] [main/ERROR] [net.minecraft.Util/]: Entity illageandspillage:axe has no attributes
[15Oct2025 00:00:36.101] [main/ERROR] [net.minecraft.Util/]: Entity dungeonnowloading:fairkeeper_serpent_caller has no attributes
[15Oct2025 00:00:36.101] [main/ERROR] [net.minecraft.Util/]: Entity illageandspillage:bone has no attributes
[15Oct2025 00:00:36.101] [main/ERROR] [net.minecraft.Util/]: Entity illageandspillage:axe has no attributes
[15Oct2025 00:00:36.101] [main/ERROR] [net.minecraft.Util/]: Entity dungeonnowloading:fairkeeper_serpent_caller has no attributes
[15Oct2025 00:00:36.101] [main/ERROR] [net.minecraft.Util/]: Entity illageandspillage:bone has no attributes
[15Oct2025 00:00:36.101] [main/ERROR] [net.minecraft.Util/]: Entity illageandspillage:axe has no attributes
[15Oct2025 00:00:36.101] [main/ERROR] [net.minecraft.Util/]: Entity dungeonnowloading:fairkeeper_serpent_caller has no attributes
[15Oct2025 00:00:36.101] [main/ERROR] [net.minecraft.Util/]: Entity illageandspillage:bone has no attributes
[15Oct2025 00:00:36.101] [main/ERROR] [net.minecraft.Util/]: Entity illageandspillage:axe has no attributes
[15Oct2025 00:00:36.101] [main/ERROR] [net.minecraft.Util/]: Entity dungeonnowloading:fairkeeper_serpent_caller has no attributes
[15Oct2025 00:00:36.272] [main/WARN] [net.minecraft.server.packs.VanillaPackResourcesBuilder/]: Assets URL 'union:/workspaces/inovaland/servidor_minecraft/libraries/net/minecraft/server/1.20.1-20230612.114412/server-1.20.1-20230612.114412-srg.jar%23415!/assets/.mcassetsroot' uses unexpected schema
[15Oct2025 00:00:36.272] [main/WARN] [net.minecraft.server.packs.VanillaPackResourcesBuilder/]: Assets URL 'union:/workspaces/inovaland/servidor_minecraft/libraries/net/minecraft/server/1.20.1-20230612.114412/server-1.20.1-20230612.114412-srg.jar%23415!/data/.mcassetsroot' uses unexpected schema
[15Oct2025 00:00:36.908] [main/INFO] [com.teamabnormals.blueprint.core.Blueprint/]: Successfully loaded 0 data remolders!
[15Oct2025 00:00:40.199] [main/INFO] [com.github.alexthe666.alexsmobs.AlexsMobs/]: Adding datapack listener capsid_recipes
[15Oct2025 00:00:41.000] [Worker-Main-3/ERROR] [net.minecraftforge.common.ForgeHooks/]: Couldn't parse element loot_tables:outer_end:blocks/azure_vertical_slab
java.lang.IllegalArgumentException: Can't find block outer_end:azure_vertical_slab
	at net.minecraft.world.level.storage.loot.predicates.LootItemBlockStatePropertyCondition$Serializer.m_81802_(LootItemBlockStatePropertyCondition.java:79) ~[server-1.20.1-20230612.114412-srg.jar%23415!/:?] {re:classloading}
	at java.util.Optional.orElseThrow(Optional.java:403) ~[?:?] {re:mixin}
	at net.minecraft.world.level.storage.loot.predicates.LootItemBlockStatePropertyCondition$Serializer.m_7561_(LootItemBlockStatePropertyCondition.java:79) ~[server-1.20.1-20230612.114412-srg.jar%23415!/:?] {re:classloading}
	at net.minecraft.world.level.storage.loot.predicates.LootItemBlockStatePropertyCondition$Serializer.m_7561_(LootItemBlockStatePropertyCondition.java:68) ~[server-1.20.1-20230612.114412-srg.jar%23415!/:?] {re:classloading}
	at net.minecraft.world.level.storage.loot.GsonAdapterFactory$JsonAdapter.deserialize(GsonAdapterFactory.java:102) ~[server-1.20.1-20230612.114412-srg.jar%23415!/:?] {re:classloading}
	at com.google.gson.internal.bind.TreeTypeAdapter.read(TreeTypeAdapter.java:76) ~[gson-2.10.jar%23106!/:?] {}
	at com.google.gson.internal.bind.TypeAdapterRuntimeTypeWrapper.read(TypeAdapterRuntimeTypeWrapper.java:40) ~[gson-2.10.jar%23106!/:?] {}
	at com.google.gson.internal.bind.ArrayTypeAdapter.read(ArrayTypeAdapter.java:72) ~[gson-2.10.jar%23106!/:?] {}
	at com.google.gson.Gson.fromJson(Gson.java:1214) ~[gson-2.10.jar%23106!/:?] {}
	at com.google.gson.Gson.fromJson(Gson.java:1319) ~[gson-2.10.jar%23106!/:?] {}
	at com.google.gson.Gson.fromJson(Gson.java:1290) ~[gson-2.10.jar%23106!/:?] {}
	at com.google.gson.internal.bind.TreeTypeAdapter$GsonContextImpl.deserialize(TreeTypeAdapter.java:179) ~[gson-2.10.jar%23106!/:?] {}
	at net.minecraft.util.GsonHelper.m_13808_(GsonHelper.java:463) ~[server-1.20.1-20230612.114412-srg.jar%23415!/:?] {re:classloading,re:mixin}
	at net.minecraft.util.GsonHelper.m_13845_(GsonHelper.java:481) ~[server-1.20.1-20230612.114412-srg.jar%23415!/:?] {re:classloading,re:mixin}
	at net.minecraft.world.level.storage.loot.functions.LootItemConditionalFunction$Serializer.m_7561_(LootItemConditionalFunction.java:98) ~[server-1.20.1-20230612.114412-srg.jar%23415!/:?] {re:classloading}
	at net.minecraft.world.level.storage.loot.functions.LootItemConditionalFunction$Serializer.m_7561_(LootItemConditionalFunction.java:88) ~[server-1.20.1-20230612.114412-srg.jar%23415!/:?] {re:classloading}
	at net.minecraft.world.level.storage.loot.GsonAdapterFactory$JsonAdapter.deserialize(GsonAdapterFactory.java:102) ~[server-1.20.1-20230612.114412-srg.jar%23415!/:?] {re:classloading}
	at com.google.gson.internal.bind.TreeTypeAdapter.read(TreeTypeAdapter.java:76) ~[gson-2.10.jar%23106!/:?] {}
	at com.google.gson.internal.bind.TypeAdapterRuntimeTypeWrapper.read(TypeAdapterRuntimeTypeWrapper.java:40) ~[gson-2.10.jar%23106!/:?] {}
	at com.google.gson.internal.bind.ArrayTypeAdapter.read(ArrayTypeAdapter.java:72) ~[gson-2.10.jar%23106!/:?] {}
	at com.google.gson.Gson.fromJson(Gson.java:1214) ~[gson-2.10.jar%23106!/:?] {}
	at com.google.gson.Gson.fromJson(Gson.java:1319) ~[gson-2.10.jar%23106!/:?] {}
	at com.google.gson.Gson.fromJson(Gson.java:1290) ~[gson-2.10.jar%23106!/:?] {}
	at com.google.gson.internal.bind.TreeTypeAdapter$GsonContextImpl.deserialize(TreeTypeAdapter.java:179) ~[gson-2.10.jar%23106!/:?] {}
	at net.minecraft.util.GsonHelper.m_13808_(GsonHelper.java:463) ~[server-1.20.1-20230612.114412-srg.jar%23415!/:?] {re:classloading,re:mixin}
	at net.minecraft.util.GsonHelper.m_13845_(GsonHelper.java:481) ~[server-1.20.1-20230612.114412-srg.jar%23415!/:?] {re:classloading,re:mixin}
	at net.minecraft.world.level.storage.loot.entries.LootPoolSingletonContainer$Serializer.m_5921_(LootPoolSingletonContainer.java:149) ~[server-1.20.1-20230612.114412-srg.jar%23415!/:?] {re:classloading}
	at net.minecraft.world.level.storage.loot.entries.LootPoolSingletonContainer$Serializer.m_5921_(LootPoolSingletonContainer.java:129) ~[server-1.20.1-20230612.114412-srg.jar%23415!/:?] {re:classloading}
	at net.minecraft.world.level.storage.loot.entries.LootPoolEntryContainer$Serializer.m_7561_(LootEntry_SerializerMixin.java:86) ~[server-1.20.1-20230612.114412-srg.jar%23415!/:?] {re:mixin,re:classloading,pl:mixin:APP:mixins.arclight.core.json:world.level.storage.loot.entries.LootEntry_SerializerMixin,pl:mixin:A}
	at net.minecraft.world.level.storage.loot.entries.LootPoolEntryContainer$Serializer.m_7561_(LootEntry_SerializerMixin.java:74) ~[server-1.20.1-20230612.114412-srg.jar%23415!/:?] {re:mixin,re:classloading,pl:mixin:APP:mixins.arclight.core.json:world.level.storage.loot.entries.LootEntry_SerializerMixin,pl:mixin:A}
	at net.minecraft.world.level.storage.loot.GsonAdapterFactory$JsonAdapter.deserialize(GsonAdapterFactory.java:102) ~[server-1.20.1-20230612.114412-srg.jar%23415!/:?] {re:classloading}
	at com.google.gson.internal.bind.TreeTypeAdapter.read(TreeTypeAdapter.java:76) ~[gson-2.10.jar%23106!/:?] {}
	at com.google.gson.internal.bind.TypeAdapterRuntimeTypeWrapper.read(TypeAdapterRuntimeTypeWrapper.java:40) ~[gson-2.10.jar%23106!/:?] {}
	at com.google.gson.internal.bind.ArrayTypeAdapter.read(ArrayTypeAdapter.java:72) ~[gson-2.10.jar%23106!/:?] {}
	at com.google.gson.Gson.fromJson(Gson.java:1214) ~[gson-2.10.jar%23106!/:?] {}
	at com.google.gson.Gson.fromJson(Gson.java:1319) ~[gson-2.10.jar%23106!/:?] {}
	at com.google.gson.Gson.fromJson(Gson.java:1290) ~[gson-2.10.jar%23106!/:?] {}
	at com.google.gson.internal.bind.TreeTypeAdapter$GsonContextImpl.deserialize(TreeTypeAdapter.java:179) ~[gson-2.10.jar%23106!/:?] {}
	at net.minecraft.util.GsonHelper.m_13808_(GsonHelper.java:463) ~[server-1.20.1-20230612.114412-srg.jar%23415!/:?] {re:classloading,re:mixin}
	at net.minecraft.util.GsonHelper.m_13836_(GsonHelper.java:471) ~[server-1.20.1-20230612.114412-srg.jar%23415!/:?] {re:classloading,re:mixin}
	at net.minecraft.world.level.storage.loot.LootPool$Serializer.deserialize(LootPool.java:192) ~[server-1.20.1-20230612.114412-srg.jar%23415!/:?] {re:classloading}
	at net.minecraft.world.level.storage.loot.LootPool$Serializer.deserialize(LootPool.java:189) ~[server-1.20.1-20230612.114412-srg.jar%23415!/:?] {re:classloading}
	at com.google.gson.internal.bind.TreeTypeAdapter.read(TreeTypeAdapter.java:76) ~[gson-2.10.jar%23106!/:?] {}
	at com.google.gson.internal.bind.TypeAdapterRuntimeTypeWrapper.read(TypeAdapterRuntimeTypeWrapper.java:40) ~[gson-2.10.jar%23106!/:?] {}
	at com.google.gson.internal.bind.ArrayTypeAdapter.read(ArrayTypeAdapter.java:72) ~[gson-2.10.jar%23106!/:?] {}
	at com.google.gson.Gson.fromJson(Gson.java:1214) ~[gson-2.10.jar%23106!/:?] {}
	at com.google.gson.Gson.fromJson(Gson.java:1319) ~[gson-2.10.jar%23106!/:?] {}
	at com.google.gson.Gson.fromJson(Gson.java:1290) ~[gson-2.10.jar%23106!/:?] {}
	at com.google.gson.internal.bind.TreeTypeAdapter$GsonContextImpl.deserialize(TreeTypeAdapter.java:179) ~[gson-2.10.jar%23106!/:?] {}
	at net.minecraft.util.GsonHelper.m_13808_(GsonHelper.java:463) ~[server-1.20.1-20230612.114412-srg.jar%23415!/:?] {re:classloading,re:mixin}
	at net.minecraft.util.GsonHelper.m_13845_(GsonHelper.java:481) ~[server-1.20.1-20230612.114412-srg.jar%23415!/:?] {re:classloading,re:mixin}
	at net.minecraft.world.level.storage.loot.LootTable$Serializer.deserialize(LootTable.java:294) ~[server-1.20.1-20230612.114412-srg.jar%23415!/:?] {re:classloading}
	at net.minecraft.world.level.storage.loot.LootTable$Serializer.deserialize(LootTable.java:291) ~[server-1.20.1-20230612.114412-srg.jar%23415!/:?] {re:classloading}
	at com.google.gson.internal.bind.TreeTypeAdapter.read(TreeTypeAdapter.java:76) ~[gson-2.10.jar%23106!/:?] {}
	at com.google.gson.Gson.fromJson(Gson.java:1214) ~[gson-2.10.jar%23106!/:?] {}
	at com.google.gson.Gson.fromJson(Gson.java:1319) ~[gson-2.10.jar%23106!/:?] {}
	at com.google.gson.Gson.fromJson(Gson.java:1261) ~[gson-2.10.jar%23106!/:?] {}
	at net.minecraftforge.common.ForgeHooks.loadLootTable(ForgeHooksMixin.java:871) ~[forge-1.20.1-47.3.22-universal.jar%23420!/:?] {re:mixin,re:classloading,pl:mixin:APP:modernfix-forge.mixins.json:perf.faster_ingredients.ForgeHooksMixin,pl:mixin:APP:tombstone.mixins.json:ForgeHooksMixin,pl:mixin:APP:mixins.arclight.forge.json:ForgeHooksMixin,pl:mixin:A}
	at net.minecraftforge.common.ForgeHooks.lambda$getLootTableDeserializer$3(ForgeHooksMixin.java:848) ~[forge-1.20.1-47.3.22-universal.jar%23420!/:?] {re:mixin,re:classloading,pl:mixin:APP:modernfix-forge.mixins.json:perf.faster_ingredients.ForgeHooksMixin,pl:mixin:APP:tombstone.mixins.json:ForgeHooksMixin,pl:mixin:APP:mixins.arclight.forge.json:ForgeHooksMixin,pl:mixin:A}
	at net.minecraft.world.level.storage.loot.LootDataType.deserialize(LootDataType.java:45) ~[server-1.20.1-20230612.114412-srg.jar%23415!/:?] {re:mixin,re:classloading}
	at net.minecraft.world.level.storage.loot.LootDataManager.lambda$scheduleElementParse$4(LootDataManagerMixin.java:56) ~[server-1.20.1-20230612.114412-srg.jar%23415!/:?] {re:mixin,re:classloading,pl:mixin:APP:mixins.arclight.core.json:world.level.storage.loot.LootDataManagerMixin,pl:mixin:APP:placebo.mixins.json:LootTablesMixin,pl:mixin:APP:architectury.mixins.json:MixinLootDataManager,pl:mixin:APP:blueprint.mixins.json:LootDataManagerMixin,pl:mixin:APP:puzzleslib.forge.mixins.json:LootDataManagerForgeMixin,pl:mixin:A}
	at java.util.HashMap.forEach(HashMap.java:1421) ~[?:?] {re:mixin}
	at net.minecraft.world.level.storage.loot.LootDataManager.m_278660_(LootDataManagerMixin.java:55) ~[server-1.20.1-20230612.114412-srg.jar%23415!/:?] {re:mixin,re:classloading,pl:mixin:APP:mixins.arclight.core.json:world.level.storage.loot.LootDataManagerMixin,pl:mixin:APP:placebo.mixins.json:LootTablesMixin,pl:mixin:APP:architectury.mixins.json:MixinLootDataManager,pl:mixin:APP:blueprint.mixins.json:LootDataManagerMixin,pl:mixin:APP:puzzleslib.forge.mixins.json:LootDataManagerForgeMixin,pl:mixin:A}
	at java.util.concurrent.CompletableFuture$AsyncRun.run(CompletableFuture.java:1804) ~[?:?] {}
	at java.util.concurrent.CompletableFuture$AsyncRun.exec(CompletableFuture.java:1796) ~[?:?] {}
	at java.util.concurrent.ForkJoinTask.doExec(ForkJoinTask.java:373) ~[?:?] {}
	at java.util.concurrent.ForkJoinPool$WorkQueue.topLevelExec(ForkJoinPool.java:1182) ~[?:?] {}
	at java.util.concurrent.ForkJoinPool.scan(ForkJoinPool.java:1655) ~[?:?] {re:mixin,re:computing_frames}
	at java.util.concurrent.ForkJoinPool.runWorker(ForkJoinPool.java:1622) ~[?:?] {re:mixin,re:computing_frames}
	at java.util.concurrent.ForkJoinWorkerThread.run(ForkJoinWorkerThread.java:165) ~[?:?] {re:mixin}
[15Oct2025 00:00:41.033] [Worker-Main-3/ERROR] [net.minecraftforge.common.ForgeHooks/]: Couldn't parse element loot_tables:outer_end:blocks/azure_ladder
com.google.gson.JsonSyntaxException: Expected name to be an item, was unknown string 'outer_end:azure_ladder'
	at net.minecraft.util.GsonHelper.m_13866_(GsonHelper.java:145) ~[server-1.20.1-20230612.114412-srg.jar%23415!/:?] {re:classloading,re:mixin}
	at java.util.Optional.orElseThrow(Optional.java:403) ~[?:?] {re:mixin}
	at net.minecraft.util.GsonHelper.m_13874_(GsonHelper.java:145) ~[server-1.20.1-20230612.114412-srg.jar%23415!/:?] {re:classloading,re:mixin}
	at net.minecraft.util.GsonHelper.m_13909_(GsonHelper.java:153) ~[server-1.20.1-20230612.114412-srg.jar%23415!/:?] {re:classloading,re:mixin}
	at net.minecraft.world.level.storage.loot.entries.LootItem$Serializer.m_7267_(LootItem.java:55) ~[server-1.20.1-20230612.114412-srg.jar%23415!/:?] {re:classloading}
	at net.minecraft.world.level.storage.loot.entries.LootItem$Serializer.m_7267_(LootItem.java:40) ~[server-1.20.1-20230612.114412-srg.jar%23415!/:?] {re:classloading}
	at net.minecraft.world.level.storage.loot.entries.LootPoolSingletonContainer$Serializer.m_5921_(LootPoolSingletonContainer.java:151) ~[server-1.20.1-20230612.114412-srg.jar%23415!/:?] {re:classloading}
	at net.minecraft.world.level.storage.loot.entries.LootPoolSingletonContainer$Serializer.m_5921_(LootPoolSingletonContainer.java:129) ~[server-1.20.1-20230612.114412-srg.jar%23415!/:?] {re:classloading}
	at net.minecraft.world.level.storage.loot.entries.LootPoolEntryContainer$Serializer.m_7561_(LootEntry_SerializerMixin.java:86) ~[server-1.20.1-20230612.114412-srg.jar%23415!/:?] {re:mixin,re:classloading,pl:mixin:APP:mixins.arclight.core.json:world.level.storage.loot.entries.LootEntry_SerializerMixin,pl:mixin:A}
	at net.minecraft.world.level.storage.loot.entries.LootPoolEntryContainer$Serializer.m_7561_(LootEntry_SerializerMixin.java:74) ~[server-1.20.1-20230612.114412-srg.jar%23415!/:?] {re:mixin,re:classloading,pl:mixin:APP:mixins.arclight.core.json:world.level.storage.loot.entries.LootEntry_SerializerMixin,pl:mixin:A}
	at net.minecraft.world.level.storage.loot.GsonAdapterFactory$JsonAdapter.deserialize(GsonAdapterFactory.java:102) ~[server-1.20.1-20230612.114412-srg.jar%23415!/:?] {re:classloading}
	at com.google.gson.internal.bind.TreeTypeAdapter.read(TreeTypeAdapter.java:76) ~[gson-2.10.jar%23106!/:?] {}
	at com.google.gson.internal.bind.TypeAdapterRuntimeTypeWrapper.read(TypeAdapterRuntimeTypeWrapper.java:40) ~[gson-2.10.jar%23106!/:?] {}
	at com.google.gson.internal.bind.ArrayTypeAdapter.read(ArrayTypeAdapter.java:72) ~[gson-2.10.jar%23106!/:?] {}
	at com.google.gson.Gson.fromJson(Gson.java:1214) ~[gson-2.10.jar%23106!/:?] {}
	at com.google.gson.Gson.fromJson(Gson.java:1319) ~[gson-2.10.jar%23106!/:?] {}
	at com.google.gson.Gson.fromJson(Gson.java:1290) ~[gson-2.10.jar%23106!/:?] {}
	at com.google.gson.internal.bind.TreeTypeAdapter$GsonContextImpl.deserialize(TreeTypeAdapter.java:179) ~[gson-2.10.jar%23106!/:?] {}
	at net.minecraft.util.GsonHelper.m_13808_(GsonHelper.java:463) ~[server-1.20.1-20230612.114412-srg.jar%23415!/:?] {re:classloading,re:mixin}
	at net.minecraft.util.GsonHelper.m_13836_(GsonHelper.java:471) ~[server-1.20.1-20230612.114412-srg.jar%23415!/:?] {re:classloading,re:mixin}
	at net.minecraft.world.level.storage.loot.LootPool$Serializer.deserialize(LootPool.java:192) ~[server-1.20.1-20230612.114412-srg.jar%23415!/:?] {re:classloading}
	at net.minecraft.world.level.storage.loot.LootPool$Serializer.deserialize(LootPool.java:189) ~[server-1.20.1-20230612.114412-srg.jar%23415!/:?] {re:classloading}
	at com.google.gson.internal.bind.TreeTypeAdapter.read(TreeTypeAdapter.java:76) ~[gson-2.10.jar%23106!/:?] {}
	at com.google.gson.internal.bind.TypeAdapterRuntimeTypeWrapper.read(TypeAdapterRuntimeTypeWrapper.java:40) ~[gson-2.10.jar%23106!/:?] {}
	at com.google.gson.internal.bind.ArrayTypeAdapter.read(ArrayTypeAdapter.java:72) ~[gson-2.10.jar%23106!/:?] {}
	at com.google.gson.Gson.fromJson(Gson.java:1214) ~[gson-2.10.jar%23106!/:?] {}
	at com.google.gson.Gson.fromJson(Gson.java:1319) ~[gson-2.10.jar%23106!/:?] {}
	at com.google.gson.Gson.fromJson(Gson.java:1290) ~[gson-2.10.jar%23106!/:?] {}
	at com.google.gson.internal.bind.TreeTypeAdapter$GsonContextImpl.deserialize(TreeTypeAdapter.java:179) ~[gson-2.10.jar%23106!/:?] {}
	at net.minecraft.util.GsonHelper.m_13808_(GsonHelper.java:463) ~[server-1.20.1-20230612.114412-srg.jar%23415!/:?] {re:classloading,re:mixin}
	at net.minecraft.util.GsonHelper.m_13845_(GsonHelper.java:481) ~[server-1.20.1-20230612.114412-srg.jar%23415!/:?] {re:classloading,re:mixin}
	at net.minecraft.world.level.storage.loot.LootTable$Serializer.deserialize(LootTable.java:294) ~[server-1.20.1-20230612.114412-srg.jar%23415!/:?] {re:classloading}
	at net.minecraft.world.level.storage.loot.LootTable$Serializer.deserialize(LootTable.java:291) ~[server-1.20.1-20230612.114412-srg.jar%23415!/:?] {re:classloading}
	at com.google.gson.internal.bind.TreeTypeAdapter.read(TreeTypeAdapter.java:76) ~[gson-2.10.jar%23106!/:?] {}
	at com.google.gson.Gson.fromJson(Gson.java:1214) ~[gson-2.10.jar%23106!/:?] {}
	at com.google.gson.Gson.fromJson(Gson.java:1319) ~[gson-2.10.jar%23106!/:?] {}
	at com.google.gson.Gson.fromJson(Gson.java:1261) ~[gson-2.10.jar%23106!/:?] {}
	at net.minecraftforge.common.ForgeHooks.loadLootTable(ForgeHooksMixin.java:871) ~[forge-1.20.1-47.3.22-universal.jar%23420!/:?] {re:mixin,re:classloading,pl:mixin:APP:modernfix-forge.mixins.json:perf.faster_ingredients.ForgeHooksMixin,pl:mixin:APP:tombstone.mixins.json:ForgeHooksMixin,pl:mixin:APP:mixins.arclight.forge.json:ForgeHooksMixin,pl:mixin:A}
	at net.minecraftforge.common.ForgeHooks.lambda$getLootTableDeserializer$3(ForgeHooksMixin.java:848) ~[forge-1.20.1-47.3.22-universal.jar%23420!/:?] {re:mixin,re:classloading,pl:mixin:APP:modernfix-forge.mixins.json:perf.faster_ingredients.ForgeHooksMixin,pl:mixin:APP:tombstone.mixins.json:ForgeHooksMixin,pl:mixin:APP:mixins.arclight.forge.json:ForgeHooksMixin,pl:mixin:A}
	at net.minecraft.world.level.storage.loot.LootDataType.deserialize(LootDataType.java:45) ~[server-1.20.1-20230612.114412-srg.jar%23415!/:?] {re:mixin,re:classloading}
	at net.minecraft.world.level.storage.loot.LootDataManager.lambda$scheduleElementParse$4(LootDataManagerMixin.java:56) ~[server-1.20.1-20230612.114412-srg.jar%23415!/:?] {re:mixin,re:classloading,pl:mixin:APP:mixins.arclight.core.json:world.level.storage.loot.LootDataManagerMixin,pl:mixin:APP:placebo.mixins.json:LootTablesMixin,pl:mixin:APP:architectury.mixins.json:MixinLootDataManager,pl:mixin:APP:blueprint.mixins.json:LootDataManagerMixin,pl:mixin:APP:puzzleslib.forge.mixins.json:LootDataManagerForgeMixin,pl:mixin:A}
	at java.util.HashMap.forEach(HashMap.java:1421) ~[?:?] {re:mixin}
	at net.minecraft.world.level.storage.loot.LootDataManager.m_278660_(LootDataManagerMixin.java:55) ~[server-1.20.1-20230612.114412-srg.jar%23415!/:?] {re:mixin,re:classloading,pl:mixin:APP:mixins.arclight.core.json:world.level.storage.loot.LootDataManagerMixin,pl:mixin:APP:placebo.mixins.json:LootTablesMixin,pl:mixin:APP:architectury.mixins.json:MixinLootDataManager,pl:mixin:APP:blueprint.mixins.json:LootDataManagerMixin,pl:mixin:APP:puzzleslib.forge.mixins.json:LootDataManagerForgeMixin,pl:mixin:A}
	at java.util.concurrent.CompletableFuture$AsyncRun.run(CompletableFuture.java:1804) ~[?:?] {}
	at java.util.concurrent.CompletableFuture$AsyncRun.exec(CompletableFuture.java:1796) ~[?:?] {}
	at java.util.concurrent.ForkJoinTask.doExec(ForkJoinTask.java:373) ~[?:?] {}
	at java.util.concurrent.ForkJoinPool$WorkQueue.topLevelExec(ForkJoinPool.java:1182) ~[?:?] {}
	at java.util.concurrent.ForkJoinPool.scan(ForkJoinPool.java:1655) ~[?:?] {re:mixin,re:computing_frames}
	at java.util.concurrent.ForkJoinPool.runWorker(ForkJoinPool.java:1622) ~[?:?] {re:mixin,re:computing_frames}
	at java.util.concurrent.ForkJoinWorkerThread.run(ForkJoinWorkerThread.java:165) ~[?:?] {re:mixin}
[15Oct2025 00:00:41.097] [Worker-Main-3/ERROR] [net.minecraftforge.common.ForgeHooks/]: Couldn't parse element loot_tables:ati_structures:chests/archer_chest
com.google.gson.JsonSyntaxException: Unknown type 'minecraft:set_components'
	at net.minecraft.world.level.storage.loot.GsonAdapterFactory$JsonAdapter.deserialize(GsonAdapterFactory.java:99) ~[server-1.20.1-20230612.114412-srg.jar%23415!/:?] {re:classloading}
	at com.google.gson.internal.bind.TreeTypeAdapter.read(TreeTypeAdapter.java:76) ~[gson-2.10.jar%23106!/:?] {}
	at com.google.gson.internal.bind.TypeAdapterRuntimeTypeWrapper.read(TypeAdapterRuntimeTypeWrapper.java:40) ~[gson-2.10.jar%23106!/:?] {}
	at com.google.gson.internal.bind.ArrayTypeAdapter.read(ArrayTypeAdapter.java:72) ~[gson-2.10.jar%23106!/:?] {}
	at com.google.gson.Gson.fromJson(Gson.java:1214) ~[gson-2.10.jar%23106!/:?] {}
	at com.google.gson.Gson.fromJson(Gson.java:1319) ~[gson-2.10.jar%23106!/:?] {}
	at com.google.gson.Gson.fromJson(Gson.java:1290) ~[gson-2.10.jar%23106!/:?] {}
	at com.google.gson.internal.bind.TreeTypeAdapter$GsonContextImpl.deserialize(TreeTypeAdapter.java:179) ~[gson-2.10.jar%23106!/:?] {}
	at net.minecraft.util.GsonHelper.m_13808_(GsonHelper.java:463) ~[server-1.20.1-20230612.114412-srg.jar%23415!/:?] {re:classloading,re:mixin}
	at net.minecraft.util.GsonHelper.m_13845_(GsonHelper.java:481) ~[server-1.20.1-20230612.114412-srg.jar%23415!/:?] {re:classloading,re:mixin}
	at net.minecraft.world.level.storage.loot.entries.LootPoolSingletonContainer$Serializer.m_5921_(LootPoolSingletonContainer.java:149) ~[server-1.20.1-20230612.114412-srg.jar%23415!/:?] {re:classloading}
	at net.minecraft.world.level.storage.loot.entries.LootPoolSingletonContainer$Serializer.m_5921_(LootPoolSingletonContainer.java:129) ~[server-1.20.1-20230612.114412-srg.jar%23415!/:?] {re:classloading}
	at net.minecraft.world.level.storage.loot.entries.LootPoolEntryContainer$Serializer.m_7561_(LootEntry_SerializerMixin.java:86) ~[server-1.20.1-20230612.114412-srg.jar%23415!/:?] {re:mixin,re:classloading,pl:mixin:APP:mixins.arclight.core.json:world.level.storage.loot.entries.LootEntry_SerializerMixin,pl:mixin:A}
	at net.minecraft.world.level.storage.loot.entries.LootPoolEntryContainer$Serializer.m_7561_(LootEntry_SerializerMixin.java:74) ~[server-1.20.1-20230612.114412-srg.jar%23415!/:?] {re:mixin,re:classloading,pl:mixin:APP:mixins.arclight.core.json:world.level.storage.loot.entries.LootEntry_SerializerMixin,pl:mixin:A}
	at net.minecraft.world.level.storage.loot.GsonAdapterFactory$JsonAdapter.deserialize(GsonAdapterFactory.java:102) ~[server-1.20.1-20230612.114412-srg.jar%23415!/:?] {re:classloading}
	at com.google.gson.internal.bind.TreeTypeAdapter.read(TreeTypeAdapter.java:76) ~[gson-2.10.jar%23106!/:?] {}
	at com.google.gson.internal.bind.TypeAdapterRuntimeTypeWrapper.read(TypeAdapterRuntimeTypeWrapper.java:40) ~[gson-2.10.jar%23106!/:?] {}
	at com.google.gson.internal.bind.ArrayTypeAdapter.read(ArrayTypeAdapter.java:72) ~[gson-2.10.jar%23106!/:?] {}
	at com.google.gson.Gson.fromJson(Gson.java:1214) ~[gson-2.10.jar%23106!/:?] {}
	at com.google.gson.Gson.fromJson(Gson.java:1319) ~[gson-2.10.jar%23106!/:?] {}
	at com.google.gson.Gson.fromJson(Gson.java:1290) ~[gson-2.10.jar%23106!/:?] {}
	at com.google.gson.internal.bind.TreeTypeAdapter$GsonContextImpl.deserialize(TreeTypeAdapter.java:179) ~[gson-2.10.jar%23106!/:?] {}
	at net.minecraft.util.GsonHelper.m_13808_(GsonHelper.java:463) ~[server-1.20.1-20230612.114412-srg.jar%23415!/:?] {re:classloading,re:mixin}
	at net.minecraft.util.GsonHelper.m_13836_(GsonHelper.java:471) ~[server-1.20.1-20230612.114412-srg.jar%23415!/:?] {re:classloading,re:mixin}
	at net.minecraft.world.level.storage.loot.LootPool$Serializer.deserialize(LootPool.java:192) ~[server-1.20.1-20230612.114412-srg.jar%23415!/:?] {re:classloading}
	at net.minecraft.world.level.storage.loot.LootPool$Serializer.deserialize(LootPool.java:189) ~[server-1.20.1-20230612.114412-srg.jar%23415!/:?] {re:classloading}
	at com.google.gson.internal.bind.TreeTypeAdapter.read(TreeTypeAdapter.java:76) ~[gson-2.10.jar%23106!/:?] {}
	at com.google.gson.internal.bind.TypeAdapterRuntimeTypeWrapper.read(TypeAdapterRuntimeTypeWrapper.java:40) ~[gson-2.10.jar%23106!/:?] {}
	at com.google.gson.internal.bind.ArrayTypeAdapter.read(ArrayTypeAdapter.java:72) ~[gson-2.10.jar%23106!/:?] {}
	at com.google.gson.Gson.fromJson(Gson.java:1214) ~[gson-2.10.jar%23106!/:?] {}
	at com.google.gson.Gson.fromJson(Gson.java:1319) ~[gson-2.10.jar%23106!/:?] {}
	at com.google.gson.Gson.fromJson(Gson.java:1290) ~[gson-2.10.jar%23106!/:?] {}
	at com.google.gson.internal.bind.TreeTypeAdapter$GsonContextImpl.deserialize(TreeTypeAdapter.java:179) ~[gson-2.10.jar%23106!/:?] {}
	at net.minecraft.util.GsonHelper.m_13808_(GsonHelper.java:463) ~[server-1.20.1-20230612.114412-srg.jar%23415!/:?] {re:classloading,re:mixin}
	at net.minecraft.util.GsonHelper.m_13845_(GsonHelper.java:481) ~[server-1.20.1-20230612.114412-srg.jar%23415!/:?] {re:classloading,re:mixin}
	at net.minecraft.world.level.storage.loot.LootTable$Serializer.deserialize(LootTable.java:294) ~[server-1.20.1-20230612.114412-srg.jar%23415!/:?] {re:classloading}
	at net.minecraft.world.level.storage.loot.LootTable$Serializer.deserialize(LootTable.java:291) ~[server-1.20.1-20230612.114412-srg.jar%23415!/:?] {re:classloading}
	at com.google.gson.internal.bind.TreeTypeAdapter.read(TreeTypeAdapter.java:76) ~[gson-2.10.jar%23106!/:?] {}
	at com.google.gson.Gson.fromJson(Gson.java:1214) ~[gson-2.10.jar%23106!/:?] {}
	at com.google.gson.Gson.fromJson(Gson.java:1319) ~[gson-2.10.jar%23106!/:?] {}
	at com.google.gson.Gson.fromJson(Gson.java:1261) ~[gson-2.10.jar%23106!/:?] {}
	at net.minecraftforge.common.ForgeHooks.loadLootTable(ForgeHooksMixin.java:871) ~[forge-1.20.1-47.3.22-universal.jar%23420!/:?] {re:mixin,re:classloading,pl:mixin:APP:modernfix-forge.mixins.json:perf.faster_ingredients.ForgeHooksMixin,pl:mixin:APP:tombstone.mixins.json:ForgeHooksMixin,pl:mixin:APP:mixins.arclight.forge.json:ForgeHooksMixin,pl:mixin:A}
	at net.minecraftforge.common.ForgeHooks.lambda$getLootTableDeserializer$3(ForgeHooksMixin.java:848) ~[forge-1.20.1-47.3.22-universal.jar%23420!/:?] {re:mixin,re:classloading,pl:mixin:APP:modernfix-forge.mixins.json:perf.faster_ingredients.ForgeHooksMixin,pl:mixin:APP:tombstone.mixins.json:ForgeHooksMixin,pl:mixin:APP:mixins.arclight.forge.json:ForgeHooksMixin,pl:mixin:A}
	at net.minecraft.world.level.storage.loot.LootDataType.deserialize(LootDataType.java:45) ~[server-1.20.1-20230612.114412-srg.jar%23415!/:?] {re:mixin,re:classloading}
	at net.minecraft.world.level.storage.loot.LootDataManager.lambda$scheduleElementParse$4(LootDataManagerMixin.java:56) ~[server-1.20.1-20230612.114412-srg.jar%23415!/:?] {re:mixin,re:classloading,pl:mixin:APP:mixins.arclight.core.json:world.level.storage.loot.LootDataManagerMixin,pl:mixin:APP:placebo.mixins.json:LootTablesMixin,pl:mixin:APP:architectury.mixins.json:MixinLootDataManager,pl:mixin:APP:blueprint.mixins.json:LootDataManagerMixin,pl:mixin:APP:puzzleslib.forge.mixins.json:LootDataManagerForgeMixin,pl:mixin:A}
	at java.util.HashMap.forEach(HashMap.java:1421) ~[?:?] {re:mixin}
	at net.minecraft.world.level.storage.loot.LootDataManager.m_278660_(LootDataManagerMixin.java:55) ~[server-1.20.1-20230612.114412-srg.jar%23415!/:?] {re:mixin,re:classloading,pl:mixin:APP:mixins.arclight.core.json:world.level.storage.loot.LootDataManagerMixin,pl:mixin:APP:placebo.mixins.json:LootTablesMixin,pl:mixin:APP:architectury.mixins.json:MixinLootDataManager,pl:mixin:APP:blueprint.mixins.json:LootDataManagerMixin,pl:mixin:APP:puzzleslib.forge.mixins.json:LootDataManagerForgeMixin,pl:mixin:A}
	at java.util.concurrent.CompletableFuture$AsyncRun.run(CompletableFuture.java:1804) ~[?:?] {}
	at java.util.concurrent.CompletableFuture$AsyncRun.exec(CompletableFuture.java:1796) ~[?:?] {}
	at java.util.concurrent.ForkJoinTask.doExec(ForkJoinTask.java:373) ~[?:?] {}
	at java.util.concurrent.ForkJoinPool$WorkQueue.topLevelExec(ForkJoinPool.java:1182) ~[?:?] {}
	at java.util.concurrent.ForkJoinPool.scan(ForkJoinPool.java:1655) ~[?:?] {re:mixin,re:computing_frames}
	at java.util.concurrent.ForkJoinPool.runWorker(ForkJoinPool.java:1622) ~[?:?] {re:mixin,re:computing_frames}
	at java.util.concurrent.ForkJoinWorkerThread.run(ForkJoinWorkerThread.java:165) ~[?:?] {re:mixin}
[15Oct2025 00:00:41.168] [Worker-Main-3/ERROR] [net.minecraftforge.common.ForgeHooks/]: Couldn't parse element loot_tables:outer_end:blocks/azure_vertical_planks
com.google.gson.JsonSyntaxException: Expected name to be an item, was unknown string 'outer_end:azure_vertical_planks'
	at net.minecraft.util.GsonHelper.m_13866_(GsonHelper.java:145) ~[server-1.20.1-20230612.114412-srg.jar%23415!/:?] {re:classloading,re:mixin}
	at java.util.Optional.orElseThrow(Optional.java:403) ~[?:?] {re:mixin}
	at net.minecraft.util.GsonHelper.m_13874_(GsonHelper.java:145) ~[server-1.20.1-20230612.114412-srg.jar%23415!/:?] {re:classloading,re:mixin}
	at net.minecraft.util.GsonHelper.m_13909_(GsonHelper.java:153) ~[server-1.20.1-20230612.114412-srg.jar%23415!/:?] {re:classloading,re:mixin}
	at net.minecraft.world.level.storage.loot.entries.LootItem$Serializer.m_7267_(LootItem.java:55) ~[server-1.20.1-20230612.114412-srg.jar%23415!/:?] {re:classloading}
	at net.minecraft.world.level.storage.loot.entries.LootItem$Serializer.m_7267_(LootItem.java:40) ~[server-1.20.1-20230612.114412-srg.jar%23415!/:?] {re:classloading}
	at net.minecraft.world.level.storage.loot.entries.LootPoolSingletonContainer$Serializer.m_5921_(LootPoolSingletonContainer.java:151) ~[server-1.20.1-20230612.114412-srg.jar%23415!/:?] {re:classloading}
	at net.minecraft.world.level.storage.loot.entries.LootPoolSingletonContainer$Serializer.m_5921_(LootPoolSingletonContainer.java:129) ~[server-1.20.1-20230612.114412-srg.jar%23415!/:?] {re:classloading}
	at net.minecraft.world.level.storage.loot.entries.LootPoolEntryContainer$Serializer.m_7561_(LootEntry_SerializerMixin.java:86) ~[server-1.20.1-20230612.114412-srg.jar%23415!/:?] {re:mixin,re:classloading,pl:mixin:APP:mixins.arclight.core.json:world.level.storage.loot.entries.LootEntry_SerializerMixin,pl:mixin:A}
	at net.minecraft.world.level.storage.loot.entries.LootPoolEntryContainer$Serializer.m_7561_(LootEntry_SerializerMixin.java:74) ~[server-1.20.1-20230612.114412-srg.jar%23415!/:?] {re:mixin,re:classloading,pl:mixin:APP:mixins.arclight.core.json:world.level.storage.loot.entries.LootEntry_SerializerMixin,pl:mixin:A}
	at net.minecraft.world.level.storage.loot.GsonAdapterFactory$JsonAdapter.deserialize(GsonAdapterFactory.java:102) ~[server-1.20.1-20230612.114412-srg.jar%23415!/:?] {re:classloading}
	at com.google.gson.internal.bind.TreeTypeAdapter.read(TreeTypeAdapter.java:76) ~[gson-2.10.jar%23106!/:?] {}
	at com.google.gson.internal.bind.TypeAdapterRuntimeTypeWrapper.read(TypeAdapterRuntimeTypeWrapper.java:40) ~[gson-2.10.jar%23106!/:?] {}
	at com.google.gson.internal.bind.ArrayTypeAdapter.read(ArrayTypeAdapter.java:72) ~[gson-2.10.jar%23106!/:?] {}
	at com.google.gson.Gson.fromJson(Gson.java:1214) ~[gson-2.10.jar%23106!/:?] {}
	at com.google.gson.Gson.fromJson(Gson.java:1319) ~[gson-2.10.jar%23106!/:?] {}
	at com.google.gson.Gson.fromJson(Gson.java:1290) ~[gson-2.10.jar%23106!/:?] {}
	at com.google.gson.internal.bind.TreeTypeAdapter$GsonContextImpl.deserialize(TreeTypeAdapter.java:179) ~[gson-2.10.jar%23106!/:?] {}
	at net.minecraft.util.GsonHelper.m_13808_(GsonHelper.java:463) ~[server-1.20.1-20230612.114412-srg.jar%23415!/:?] {re:classloading,re:mixin}
	at net.minecraft.util.GsonHelper.m_13836_(GsonHelper.java:471) ~[server-1.20.1-20230612.114412-srg.jar%23415!/:?] {re:classloading,re:mixin}
	at net.minecraft.world.level.storage.loot.LootPool$Serializer.deserialize(LootPool.java:192) ~[server-1.20.1-20230612.114412-srg.jar%23415!/:?] {re:classloading}
	at net.minecraft.world.level.storage.loot.LootPool$Serializer.deserialize(LootPool.java:189) ~[server-1.20.1-20230612.114412-srg.jar%23415!/:?] {re:classloading}
	at com.google.gson.internal.bind.TreeTypeAdapter.read(TreeTypeAdapter.java:76) ~[gson-2.10.jar%23106!/:?] {}
	at com.google.gson.internal.bind.TypeAdapterRuntimeTypeWrapper.read(TypeAdapterRuntimeTypeWrapper.java:40) ~[gson-2.10.jar%23106!/:?] {}
	at com.google.gson.internal.bind.ArrayTypeAdapter.read(ArrayTypeAdapter.java:72) ~[gson-2.10.jar%23106!/:?] {}
	at com.google.gson.Gson.fromJson(Gson.java:1214) ~[gson-2.10.jar%23106!/:?] {}
	at com.google.gson.Gson.fromJson(Gson.java:1319) ~[gson-2.10.jar%23106!/:?] {}
	at com.google.gson.Gson.fromJson(Gson.java:1290) ~[gson-2.10.jar%23106!/:?] {}
	at com.google.gson.internal.bind.TreeTypeAdapter$GsonContextImpl.deserialize(TreeTypeAdapter.java:179) ~[gson-2.10.jar%23106!/:?] {}
	at net.minecraft.util.GsonHelper.m_13808_(GsonHelper.java:463) ~[server-1.20.1-20230612.114412-srg.jar%23415!/:?] {re:classloading,re:mixin}
	at net.minecraft.util.GsonHelper.m_13845_(GsonHelper.java:481) ~[server-1.20.1-20230612.114412-srg.jar%23415!/:?] {re:classloading,re:mixin}
	at net.minecraft.world.level.storage.loot.LootTable$Serializer.deserialize(LootTable.java:294) ~[server-1.20.1-20230612.114412-srg.jar%23415!/:?] {re:classloading}
	at net.minecraft.world.level.storage.loot.LootTable$Serializer.deserialize(LootTable.java:291) ~[server-1.20.1-20230612.114412-srg.jar%23415!/:?] {re:classloading}
	at com.google.gson.internal.bind.TreeTypeAdapter.read(TreeTypeAdapter.java:76) ~[gson-2.10.jar%23106!/:?] {}
	at com.google.gson.Gson.fromJson(Gson.java:1214) ~[gson-2.10.jar%23106!/:?] {}
	at com.google.gson.Gson.fromJson(Gson.java:1319) ~[gson-2.10.jar%23106!/:?] {}
	at com.google.gson.Gson.fromJson(Gson.java:1261) ~[gson-2.10.jar%23106!/:?] {}
	at net.minecraftforge.common.ForgeHooks.loadLootTable(ForgeHooksMixin.java:871) ~[forge-1.20.1-47.3.22-universal.jar%23420!/:?] {re:mixin,re:classloading,pl:mixin:APP:modernfix-forge.mixins.json:perf.faster_ingredients.ForgeHooksMixin,pl:mixin:APP:tombstone.mixins.json:ForgeHooksMixin,pl:mixin:APP:mixins.arclight.forge.json:ForgeHooksMixin,pl:mixin:A}
	at net.minecraftforge.common.ForgeHooks.lambda$getLootTableDeserializer$3(ForgeHooksMixin.java:848) ~[forge-1.20.1-47.3.22-universal.jar%23420!/:?] {re:mixin,re:classloading,pl:mixin:APP:modernfix-forge.mixins.json:perf.faster_ingredients.ForgeHooksMixin,pl:mixin:APP:tombstone.mixins.json:ForgeHooksMixin,pl:mixin:APP:mixins.arclight.forge.json:ForgeHooksMixin,pl:mixin:A}
	at net.minecraft.world.level.storage.loot.LootDataType.deserialize(LootDataType.java:45) ~[server-1.20.1-20230612.114412-srg.jar%23415!/:?] {re:mixin,re:classloading}
	at net.minecraft.world.level.storage.loot.LootDataManager.lambda$scheduleElementParse$4(LootDataManagerMixin.java:56) ~[server-1.20.1-20230612.114412-srg.jar%23415!/:?] {re:mixin,re:classloading,pl:mixin:APP:mixins.arclight.core.json:world.level.storage.loot.LootDataManagerMixin,pl:mixin:APP:placebo.mixins.json:LootTablesMixin,pl:mixin:APP:architectury.mixins.json:MixinLootDataManager,pl:mixin:APP:blueprint.mixins.json:LootDataManagerMixin,pl:mixin:APP:puzzleslib.forge.mixins.json:LootDataManagerForgeMixin,pl:mixin:A}
	at java.util.HashMap.forEach(HashMap.java:1421) ~[?:?] {re:mixin}
	at net.minecraft.world.level.storage.loot.LootDataManager.m_278660_(LootDataManagerMixin.java:55) ~[server-1.20.1-20230612.114412-srg.jar%23415!/:?] {re:mixin,re:classloading,pl:mixin:APP:mixins.arclight.core.json:world.level.storage.loot.LootDataManagerMixin,pl:mixin:APP:placebo.mixins.json:LootTablesMixin,pl:mixin:APP:architectury.mixins.json:MixinLootDataManager,pl:mixin:APP:blueprint.mixins.json:LootDataManagerMixin,pl:mixin:APP:puzzleslib.forge.mixins.json:LootDataManagerForgeMixin,pl:mixin:A}
	at java.util.concurrent.CompletableFuture$AsyncRun.run(CompletableFuture.java:1804) ~[?:?] {}
	at java.util.concurrent.CompletableFuture$AsyncRun.exec(CompletableFuture.java:1796) ~[?:?] {}
	at java.util.concurrent.ForkJoinTask.doExec(ForkJoinTask.java:373) ~[?:?] {}
	at java.util.concurrent.ForkJoinPool$WorkQueue.topLevelExec(ForkJoinPool.java:1182) ~[?:?] {}
	at java.util.concurrent.ForkJoinPool.scan(ForkJoinPool.java:1655) ~[?:?] {re:mixin,re:computing_frames}
	at java.util.concurrent.ForkJoinPool.runWorker(ForkJoinPool.java:1622) ~[?:?] {re:mixin,re:computing_frames}
	at java.util.concurrent.ForkJoinWorkerThread.run(ForkJoinWorkerThread.java:165) ~[?:?] {re:mixin}
[15Oct2025 00:00:41.172] [Worker-Main-3/ERROR] [net.minecraftforge.common.ForgeHooks/]: Couldn't parse element loot_tables:outer_end:blocks/azure_post
com.google.gson.JsonSyntaxException: Expected name to be an item, was unknown string 'outer_end:azure_post'
	at net.minecraft.util.GsonHelper.m_13866_(GsonHelper.java:145) ~[server-1.20.1-20230612.114412-srg.jar%23415!/:?] {re:classloading,re:mixin}
	at java.util.Optional.orElseThrow(Optional.java:403) ~[?:?] {re:mixin}
	at net.minecraft.util.GsonHelper.m_13874_(GsonHelper.java:145) ~[server-1.20.1-20230612.114412-srg.jar%23415!/:?] {re:classloading,re:mixin}
	at net.minecraft.util.GsonHelper.m_13909_(GsonHelper.java:153) ~[server-1.20.1-20230612.114412-srg.jar%23415!/:?] {re:classloading,re:mixin}
	at net.minecraft.world.level.storage.loot.entries.LootItem$Serializer.m_7267_(LootItem.java:55) ~[server-1.20.1-20230612.114412-srg.jar%23415!/:?] {re:classloading}
	at net.minecraft.world.level.storage.loot.entries.LootItem$Serializer.m_7267_(LootItem.java:40) ~[server-1.20.1-20230612.114412-srg.jar%23415!/:?] {re:classloading}
	at net.minecraft.world.level.storage.loot.entries.LootPoolSingletonContainer$Serializer.m_5921_(LootPoolSingletonContainer.java:151) ~[server-1.20.1-20230612.114412-srg.jar%23415!/:?] {re:classloading}
	at net.minecraft.world.level.storage.loot.entries.LootPoolSingletonContainer$Serializer.m_5921_(LootPoolSingletonContainer.java:129) ~[server-1.20.1-20230612.114412-srg.jar%23415!/:?] {re:classloading}
	at net.minecraft.world.level.storage.loot.entries.LootPoolEntryContainer$Serializer.m_7561_(LootEntry_SerializerMixin.java:86) ~[server-1.20.1-20230612.114412-srg.jar%23415!/:?] {re:mixin,re:classloading,pl:mixin:APP:mixins.arclight.core.json:world.level.storage.loot.entries.LootEntry_SerializerMixin,pl:mixin:A}
	at net.minecraft.world.level.storage.loot.entries.LootPoolEntryContainer$Serializer.m_7561_(LootEntry_SerializerMixin.java:74) ~[server-1.20.1-20230612.114412-srg.jar%23415!/:?] {re:mixin,re:classloading,pl:mixin:APP:mixins.arclight.core.json:world.level.storage.loot.entries.LootEntry_SerializerMixin,pl:mixin:A}
	at net.minecraft.world.level.storage.loot.GsonAdapterFactory$JsonAdapter.deserialize(GsonAdapterFactory.java:102) ~[server-1.20.1-20230612.114412-srg.jar%23415!/:?] {re:classloading}
	at com.google.gson.internal.bind.TreeTypeAdapter.read(TreeTypeAdapter.java:76) ~[gson-2.10.jar%23106!/:?] {}
	at com.google.gson.internal.bind.TypeAdapterRuntimeTypeWrapper.read(TypeAdapterRuntimeTypeWrapper.java:40) ~[gson-2.10.jar%23106!/:?] {}
	at com.google.gson.internal.bind.ArrayTypeAdapter.read(ArrayTypeAdapter.java:72) ~[gson-2.10.jar%23106!/:?] {}
	at com.google.gson.Gson.fromJson(Gson.java:1214) ~[gson-2.10.jar%23106!/:?] {}
	at com.google.gson.Gson.fromJson(Gson.java:1319) ~[gson-2.10.jar%23106!/:?] {}
	at com.google.gson.Gson.fromJson(Gson.java:1290) ~[gson-2.10.jar%23106!/:?] {}
	at com.google.gson.internal.bind.TreeTypeAdapter$GsonContextImpl.deserialize(TreeTypeAdapter.java:179) ~[gson-2.10.jar%23106!/:?] {}
	at net.minecraft.util.GsonHelper.m_13808_(GsonHelper.java:463) ~[server-1.20.1-20230612.114412-srg.jar%23415!/:?] {re:classloading,re:mixin}
	at net.minecraft.util.GsonHelper.m_13836_(GsonHelper.java:471) ~[server-1.20.1-20230612.114412-srg.jar%23415!/:?] {re:classloading,re:mixin}
	at net.minecraft.world.level.storage.loot.LootPool$Serializer.deserialize(LootPool.java:192) ~[server-1.20.1-20230612.114412-srg.jar%23415!/:?] {re:classloading}
	at net.minecraft.world.level.storage.loot.LootPool$Serializer.deserialize(LootPool.java:189) ~[server-1.20.1-20230612.114412-srg.jar%23415!/:?] {re:classloading}
	at com.google.gson.internal.bind.TreeTypeAdapter.read(TreeTypeAdapter.java:76) ~[gson-2.10.jar%23106!/:?] {}
	at com.google.gson.internal.bind.TypeAdapterRuntimeTypeWrapper.read(TypeAdapterRuntimeTypeWrapper.java:40) ~[gson-2.10.jar%23106!/:?] {}
	at com.google.gson.internal.bind.ArrayTypeAdapter.read(ArrayTypeAdapter.java:72) ~[gson-2.10.jar%23106!/:?] {}
	at com.google.gson.Gson.fromJson(Gson.java:1214) ~[gson-2.10.jar%23106!/:?] {}
	at com.google.gson.Gson.fromJson(Gson.java:1319) ~[gson-2.10.jar%23106!/:?] {}
	at com.google.gson.Gson.fromJson(Gson.java:1290) ~[gson-2.10.jar%23106!/:?] {}
	at com.google.gson.internal.bind.TreeTypeAdapter$GsonContextImpl.deserialize(TreeTypeAdapter.java:179) ~[gson-2.10.jar%23106!/:?] {}
	at net.minecraft.util.GsonHelper.m_13808_(GsonHelper.java:463) ~[server-1.20.1-20230612.114412-srg.jar%23415!/:?] {re:classloading,re:mixin}
	at net.minecraft.util.GsonHelper.m_13845_(GsonHelper.java:481) ~[server-1.20.1-20230612.114412-srg.jar%23415!/:?] {re:classloading,re:mixin}
	at net.minecraft.world.level.storage.loot.LootTable$Serializer.deserialize(LootTable.java:294) ~[server-1.20.1-20230612.114412-srg.jar%23415!/:?] {re:classloading}
	at net.minecraft.world.level.storage.loot.LootTable$Serializer.deserialize(LootTable.java:291) ~[server-1.20.1-20230612.114412-srg.jar%23415!/:?] {re:classloading}
	at com.google.gson.internal.bind.TreeTypeAdapter.read(TreeTypeAdapter.java:76) ~[gson-2.10.jar%23106!/:?] {}
	at com.google.gson.Gson.fromJson(Gson.java:1214) ~[gson-2.10.jar%23106!/:?] {}
	at com.google.gson.Gson.fromJson(Gson.java:1319) ~[gson-2.10.jar%23106!/:?] {}
	at com.google.gson.Gson.fromJson(Gson.java:1261) ~[gson-2.10.jar%23106!/:?] {}
	at net.minecraftforge.common.ForgeHooks.loadLootTable(ForgeHooksMixin.java:871) ~[forge-1.20.1-47.3.22-universal.jar%23420!/:?] {re:mixin,re:classloading,pl:mixin:APP:modernfix-forge.mixins.json:perf.faster_ingredients.ForgeHooksMixin,pl:mixin:APP:tombstone.mixins.json:ForgeHooksMixin,pl:mixin:APP:mixins.arclight.forge.json:ForgeHooksMixin,pl:mixin:A}
	at net.minecraftforge.common.ForgeHooks.lambda$getLootTableDeserializer$3(ForgeHooksMixin.java:848) ~[forge-1.20.1-47.3.22-universal.jar%23420!/:?] {re:mixin,re:classloading,pl:mixin:APP:modernfix-forge.mixins.json:perf.faster_ingredients.ForgeHooksMixin,pl:mixin:APP:tombstone.mixins.json:ForgeHooksMixin,pl:mixin:APP:mixins.arclight.forge.json:ForgeHooksMixin,pl:mixin:A}
	at net.minecraft.world.level.storage.loot.LootDataType.deserialize(LootDataType.java:45) ~[server-1.20.1-20230612.114412-srg.jar%23415!/:?] {re:mixin,re:classloading}
	at net.minecraft.world.level.storage.loot.LootDataManager.lambda$scheduleElementParse$4(LootDataManagerMixin.java:56) ~[server-1.20.1-20230612.114412-srg.jar%23415!/:?] {re:mixin,re:classloading,pl:mixin:APP:mixins.arclight.core.json:world.level.storage.loot.LootDataManagerMixin,pl:mixin:APP:placebo.mixins.json:LootTablesMixin,pl:mixin:APP:architectury.mixins.json:MixinLootDataManager,pl:mixin:APP:blueprint.mixins.json:LootDataManagerMixin,pl:mixin:APP:puzzleslib.forge.mixins.json:LootDataManagerForgeMixin,pl:mixin:A}
	at java.util.HashMap.forEach(HashMap.java:1421) ~[?:?] {re:mixin}
	at net.minecraft.world.level.storage.loot.LootDataManager.m_278660_(LootDataManagerMixin.java:55) ~[server-1.20.1-20230612.114412-srg.jar%23415!/:?] {re:mixin,re:classloading,pl:mixin:APP:mixins.arclight.core.json:world.level.storage.loot.LootDataManagerMixin,pl:mixin:APP:placebo.mixins.json:LootTablesMixin,pl:mixin:APP:architectury.mixins.json:MixinLootDataManager,pl:mixin:APP:blueprint.mixins.json:LootDataManagerMixin,pl:mixin:APP:puzzleslib.forge.mixins.json:LootDataManagerForgeMixin,pl:mixin:A}
	at java.util.concurrent.CompletableFuture$AsyncRun.run(CompletableFuture.java:1804) ~[?:?] {}
	at java.util.concurrent.CompletableFuture$AsyncRun.exec(CompletableFuture.java:1796) ~[?:?] {}
	at java.util.concurrent.ForkJoinTask.doExec(ForkJoinTask.java:373) ~[?:?] {}
	at java.util.concurrent.ForkJoinPool$WorkQueue.topLevelExec(ForkJoinPool.java:1182) ~[?:?] {}
	at java.util.concurrent.ForkJoinPool.scan(ForkJoinPool.java:1655) ~[?:?] {re:mixin,re:computing_frames}
	at java.util.concurrent.ForkJoinPool.runWorker(ForkJoinPool.java:1622) ~[?:?] {re:mixin,re:computing_frames}
	at java.util.concurrent.ForkJoinWorkerThread.run(ForkJoinWorkerThread.java:165) ~[?:?] {re:mixin}
[15Oct2025 00:00:41.199] [Worker-Main-3/ERROR] [net.minecraftforge.common.ForgeHooks/]: Couldn't parse element loot_tables:outer_end:blocks/himmel_vertical_slab
java.lang.IllegalArgumentException: Can't find block outer_end:himmel_vertical_slab
	at net.minecraft.world.level.storage.loot.predicates.LootItemBlockStatePropertyCondition$Serializer.m_81802_(LootItemBlockStatePropertyCondition.java:79) ~[server-1.20.1-20230612.114412-srg.jar%23415!/:?] {re:classloading}
	at java.util.Optional.orElseThrow(Optional.java:403) ~[?:?] {re:mixin}
	at net.minecraft.world.level.storage.loot.predicates.LootItemBlockStatePropertyCondition$Serializer.m_7561_(LootItemBlockStatePropertyCondition.java:79) ~[server-1.20.1-20230612.114412-srg.jar%23415!/:?] {re:classloading}
	at net.minecraft.world.level.storage.loot.predicates.LootItemBlockStatePropertyCondition$Serializer.m_7561_(LootItemBlockStatePropertyCondition.java:68) ~[server-1.20.1-20230612.114412-srg.jar%23415!/:?] {re:classloading}
	at net.minecraft.world.level.storage.loot.GsonAdapterFactory$JsonAdapter.deserialize(GsonAdapterFactory.java:102) ~[server-1.20.1-20230612.114412-srg.jar%23415!/:?] {re:classloading}
	at com.google.gson.internal.bind.TreeTypeAdapter.read(TreeTypeAdapter.java:76) ~[gson-2.10.jar%23106!/:?] {}
	at com.google.gson.internal.bind.TypeAdapterRuntimeTypeWrapper.read(TypeAdapterRuntimeTypeWrapper.java:40) ~[gson-2.10.jar%23106!/:?] {}
	at com.google.gson.internal.bind.ArrayTypeAdapter.read(ArrayTypeAdapter.java:72) ~[gson-2.10.jar%23106!/:?] {}
	at com.google.gson.Gson.fromJson(Gson.java:1214) ~[gson-2.10.jar%23106!/:?] {}
	at com.google.gson.Gson.fromJson(Gson.java:1319) ~[gson-2.10.jar%23106!/:?] {}
	at com.google.gson.Gson.fromJson(Gson.java:1290) ~[gson-2.10.jar%23106!/:?] {}
	at com.google.gson.internal.bind.TreeTypeAdapter$GsonContextImpl.deserialize(TreeTypeAdapter.java:179) ~[gson-2.10.jar%23106!/:?] {}
	at net.minecraft.util.GsonHelper.m_13808_(GsonHelper.java:463) ~[server-1.20.1-20230612.114412-srg.jar%23415!/:?] {re:classloading,re:mixin}
	at net.minecraft.util.GsonHelper.m_13845_(GsonHelper.java:481) ~[server-1.20.1-20230612.114412-srg.jar%23415!/:?] {re:classloading,re:mixin}
	at net.minecraft.world.level.storage.loot.functions.LootItemConditionalFunction$Serializer.m_7561_(LootItemConditionalFunction.java:98) ~[server-1.20.1-20230612.114412-srg.jar%23415!/:?] {re:classloading}
	at net.minecraft.world.level.storage.loot.functions.LootItemConditionalFunction$Serializer.m_7561_(LootItemConditionalFunction.java:88) ~[server-1.20.1-20230612.114412-srg.jar%23415!/:?] {re:classloading}
	at net.minecraft.world.level.storage.loot.GsonAdapterFactory$JsonAdapter.deserialize(GsonAdapterFactory.java:102) ~[server-1.20.1-20230612.114412-srg.jar%23415!/:?] {re:classloading}
	at com.google.gson.internal.bind.TreeTypeAdapter.read(TreeTypeAdapter.java:76) ~[gson-2.10.jar%23106!/:?] {}
	at com.google.gson.internal.bind.TypeAdapterRuntimeTypeWrapper.read(TypeAdapterRuntimeTypeWrapper.java:40) ~[gson-2.10.jar%23106!/:?] {}
	at com.google.gson.internal.bind.ArrayTypeAdapter.read(ArrayTypeAdapter.java:72) ~[gson-2.10.jar%23106!/:?] {}
	at com.google.gson.Gson.fromJson(Gson.java:1214) ~[gson-2.10.jar%23106!/:?] {}
	at com.google.gson.Gson.fromJson(Gson.java:1319) ~[gson-2.10.jar%23106!/:?] {}
	at com.google.gson.Gson.fromJson(Gson.java:1290) ~[gson-2.10.jar%23106!/:?] {}
	at com.google.gson.internal.bind.TreeTypeAdapter$GsonContextImpl.deserialize(TreeTypeAdapter.java:179) ~[gson-2.10.jar%23106!/:?] {}
	at net.minecraft.util.GsonHelper.m_13808_(GsonHelper.java:463) ~[server-1.20.1-20230612.114412-srg.jar%23415!/:?] {re:classloading,re:mixin}
	at net.minecraft.util.GsonHelper.m_13845_(GsonHelper.java:481) ~[server-1.20.1-20230612.114412-srg.jar%23415!/:?] {re:classloading,re:mixin}
	at net.minecraft.world.level.storage.loot.entries.LootPoolSingletonContainer$Serializer.m_5921_(LootPoolSingletonContainer.java:149) ~[server-1.20.1-20230612.114412-srg.jar%23415!/:?] {re:classloading}
	at net.minecraft.world.level.storage.loot.entries.LootPoolSingletonContainer$Serializer.m_5921_(LootPoolSingletonContainer.java:129) ~[server-1.20.1-20230612.114412-srg.jar%23415!/:?] {re:classloading}
	at net.minecraft.world.level.storage.loot.entries.LootPoolEntryContainer$Serializer.m_7561_(LootEntry_SerializerMixin.java:86) ~[server-1.20.1-20230612.114412-srg.jar%23415!/:?] {re:mixin,re:classloading,pl:mixin:APP:mixins.arclight.core.json:world.level.storage.loot.entries.LootEntry_SerializerMixin,pl:mixin:A}
	at net.minecraft.world.level.storage.loot.entries.LootPoolEntryContainer$Serializer.m_7561_(LootEntry_SerializerMixin.java:74) ~[server-1.20.1-20230612.114412-srg.jar%23415!/:?] {re:mixin,re:classloading,pl:mixin:APP:mixins.arclight.core.json:world.level.storage.loot.entries.LootEntry_SerializerMixin,pl:mixin:A}
	at net.minecraft.world.level.storage.loot.GsonAdapterFactory$JsonAdapter.deserialize(GsonAdapterFactory.java:102) ~[server-1.20.1-20230612.114412-srg.jar%23415!/:?] {re:classloading}
	at com.google.gson.internal.bind.TreeTypeAdapter.read(TreeTypeAdapter.java:76) ~[gson-2.10.jar%23106!/:?] {}
	at com.google.gson.internal.bind.TypeAdapterRuntimeTypeWrapper.read(TypeAdapterRuntimeTypeWrapper.java:40) ~[gson-2.10.jar%23106!/:?] {}
	at com.google.gson.internal.bind.ArrayTypeAdapter.read(ArrayTypeAdapter.java:72) ~[gson-2.10.jar%23106!/:?] {}
	at com.google.gson.Gson.fromJson(Gson.java:1214) ~[gson-2.10.jar%23106!/:?] {}
	at com.google.gson.Gson.fromJson(Gson.java:1319) ~[gson-2.10.jar%23106!/:?] {}
	at com.google.gson.Gson.fromJson(Gson.java:1290) ~[gson-2.10.jar%23106!/:?] {}
	at com.google.gson.internal.bind.TreeTypeAdapter$GsonContextImpl.deserialize(TreeTypeAdapter.java:179) ~[gson-2.10.jar%23106!/:?] {}
	at net.minecraft.util.GsonHelper.m_13808_(GsonHelper.java:463) ~[server-1.20.1-20230612.114412-srg.jar%23415!/:?] {re:classloading,re:mixin}
	at net.minecraft.util.GsonHelper.m_13836_(GsonHelper.java:471) ~[server-1.20.1-20230612.114412-srg.jar%23415!/:?] {re:classloading,re:mixin}
	at net.minecraft.world.level.storage.loot.LootPool$Serializer.deserialize(LootPool.java:192) ~[server-1.20.1-20230612.114412-srg.jar%23415!/:?] {re:classloading}
	at net.minecraft.world.level.storage.loot.LootPool$Serializer.deserialize(LootPool.java:189) ~[server-1.20.1-20230612.114412-srg.jar%23415!/:?] {re:classloading}
	at com.google.gson.internal.bind.TreeTypeAdapter.read(TreeTypeAdapter.java:76) ~[gson-2.10.jar%23106!/:?] {}
	at com.google.gson.internal.bind.TypeAdapterRuntimeTypeWrapper.read(TypeAdapterRuntimeTypeWrapper.java:40) ~[gson-2.10.jar%23106!/:?] {}
	at com.google.gson.internal.bind.ArrayTypeAdapter.read(ArrayTypeAdapter.java:72) ~[gson-2.10.jar%23106!/:?] {}
	at com.google.gson.Gson.fromJson(Gson.java:1214) ~[gson-2.10.jar%23106!/:?] {}
	at com.google.gson.Gson.fromJson(Gson.java:1319) ~[gson-2.10.jar%23106!/:?] {}
	at com.google.gson.Gson.fromJson(Gson.java:1290) ~[gson-2.10.jar%23106!/:?] {}
	at com.google.gson.internal.bind.TreeTypeAdapter$GsonContextImpl.deserialize(TreeTypeAdapter.java:179) ~[gson-2.10.jar%23106!/:?] {}
	at net.minecraft.util.GsonHelper.m_13808_(GsonHelper.java:463) ~[server-1.20.1-20230612.114412-srg.jar%23415!/:?] {re:classloading,re:mixin}
	at net.minecraft.util.GsonHelper.m_13845_(GsonHelper.java:481) ~[server-1.20.1-20230612.114412-srg.jar%23415!/:?] {re:classloading,re:mixin}
	at net.minecraft.world.level.storage.loot.LootTable$Serializer.deserialize(LootTable.java:294) ~[server-1.20.1-20230612.114412-srg.jar%23415!/:?] {re:classloading}
	at net.minecraft.world.level.storage.loot.LootTable$Serializer.deserialize(LootTable.java:291) ~[server-1.20.1-20230612.114412-srg.jar%23415!/:?] {re:classloading}
	at com.google.gson.internal.bind.TreeTypeAdapter.read(TreeTypeAdapter.java:76) ~[gson-2.10.jar%23106!/:?] {}
	at com.google.gson.Gson.fromJson(Gson.java:1214) ~[gson-2.10.jar%23106!/:?] {}
	at com.google.gson.Gson.fromJson(Gson.java:1319) ~[gson-2.10.jar%23106!/:?] {}
	at com.google.gson.Gson.fromJson(Gson.java:1261) ~[gson-2.10.jar%23106!/:?] {}
	at net.minecraftforge.common.ForgeHooks.loadLootTable(ForgeHooksMixin.java:871) ~[forge-1.20.1-47.3.22-universal.jar%23420!/:?] {re:mixin,re:classloading,pl:mixin:APP:modernfix-forge.mixins.json:perf.faster_ingredients.ForgeHooksMixin,pl:mixin:APP:tombstone.mixins.json:ForgeHooksMixin,pl:mixin:APP:mixins.arclight.forge.json:ForgeHooksMixin,pl:mixin:A}
	at net.minecraftforge.common.ForgeHooks.lambda$getLootTableDeserializer$3(ForgeHooksMixin.java:848) ~[forge-1.20.1-47.3.22-universal.jar%23420!/:?] {re:mixin,re:classloading,pl:mixin:APP:modernfix-forge.mixins.json:perf.faster_ingredients.ForgeHooksMixin,pl:mixin:APP:tombstone.mixins.json:ForgeHooksMixin,pl:mixin:APP:mixins.arclight.forge.json:ForgeHooksMixin,pl:mixin:A}
	at net.minecraft.world.level.storage.loot.LootDataType.deserialize(LootDataType.java:45) ~[server-1.20.1-20230612.114412-srg.jar%23415!/:?] {re:mixin,re:classloading}
	at net.minecraft.world.level.storage.loot.LootDataManager.lambda$scheduleElementParse$4(LootDataManagerMixin.java:56) ~[server-1.20.1-20230612.114412-srg.jar%23415!/:?] {re:mixin,re:classloading,pl:mixin:APP:mixins.arclight.core.json:world.level.storage.loot.LootDataManagerMixin,pl:mixin:APP:placebo.mixins.json:LootTablesMixin,pl:mixin:APP:architectury.mixins.json:MixinLootDataManager,pl:mixin:APP:blueprint.mixins.json:LootDataManagerMixin,pl:mixin:APP:puzzleslib.forge.mixins.json:LootDataManagerForgeMixin,pl:mixin:A}
	at java.util.HashMap.forEach(HashMap.java:1421) ~[?:?] {re:mixin}
	at net.minecraft.world.level.storage.loot.LootDataManager.m_278660_(LootDataManagerMixin.java:55) ~[server-1.20.1-20230612.114412-srg.jar%23415!/:?] {re:mixin,re:classloading,pl:mixin:APP:mixins.arclight.core.json:world.level.storage.loot.LootDataManagerMixin,pl:mixin:APP:placebo.mixins.json:LootTablesMixin,pl:mixin:APP:architectury.mixins.json:MixinLootDataManager,pl:mixin:APP:blueprint.mixins.json:LootDataManagerMixin,pl:mixin:APP:puzzleslib.forge.mixins.json:LootDataManagerForgeMixin,pl:mixin:A}
	at java.util.concurrent.CompletableFuture$AsyncRun.run(CompletableFuture.java:1804) ~[?:?] {}
	at java.util.concurrent.CompletableFuture$AsyncRun.exec(CompletableFuture.java:1796) ~[?:?] {}
	at java.util.concurrent.ForkJoinTask.doExec(ForkJoinTask.java:373) ~[?:?] {}
	at java.util.concurrent.ForkJoinPool$WorkQueue.topLevelExec(ForkJoinPool.java:1182) ~[?:?] {}
	at java.util.concurrent.ForkJoinPool.scan(ForkJoinPool.java:1655) ~[?:?] {re:mixin,re:computing_frames}
	at java.util.concurrent.ForkJoinPool.runWorker(ForkJoinPool.java:1622) ~[?:?] {re:mixin,re:computing_frames}
	at java.util.concurrent.ForkJoinWorkerThread.run(ForkJoinWorkerThread.java:165) ~[?:?] {re:mixin}
[15Oct2025 00:00:41.333] [Worker-Main-3/ERROR] [net.minecraftforge.common.ForgeHooks/]: Couldn't parse element loot_tables:enlightened_end:entities/sacrifice_statue_gift
com.google.gson.JsonSyntaxException: Unknown enchantment 'enlightened_end:frost_aspect'
	at net.minecraft.world.level.storage.loot.functions.EnchantRandomlyFunction$Serializer.m_80465_(EnchantRandomlyFunction.java:137) ~[server-1.20.1-20230612.114412-srg.jar%23415!/:?] {re:classloading}
	at java.util.Optional.orElseThrow(Optional.java:403) ~[?:?] {re:mixin}
	at net.minecraft.world.level.storage.loot.functions.EnchantRandomlyFunction$Serializer.m_6821_(EnchantRandomlyFunction.java:137) ~[server-1.20.1-20230612.114412-srg.jar%23415!/:?] {re:classloading}
	at net.minecraft.world.level.storage.loot.functions.EnchantRandomlyFunction$Serializer.m_6821_(EnchantRandomlyFunction.java:111) ~[server-1.20.1-20230612.114412-srg.jar%23415!/:?] {re:classloading}
	at net.minecraft.world.level.storage.loot.functions.LootItemConditionalFunction$Serializer.m_7561_(LootItemConditionalFunction.java:99) ~[server-1.20.1-20230612.114412-srg.jar%23415!/:?] {re:classloading}
	at net.minecraft.world.level.storage.loot.functions.LootItemConditionalFunction$Serializer.m_7561_(LootItemConditionalFunction.java:88) ~[server-1.20.1-20230612.114412-srg.jar%23415!/:?] {re:classloading}
	at net.minecraft.world.level.storage.loot.GsonAdapterFactory$JsonAdapter.deserialize(GsonAdapterFactory.java:102) ~[server-1.20.1-20230612.114412-srg.jar%23415!/:?] {re:classloading}
	at com.google.gson.internal.bind.TreeTypeAdapter.read(TreeTypeAdapter.java:76) ~[gson-2.10.jar%23106!/:?] {}
	at com.google.gson.internal.bind.TypeAdapterRuntimeTypeWrapper.read(TypeAdapterRuntimeTypeWrapper.java:40) ~[gson-2.10.jar%23106!/:?] {}
	at com.google.gson.internal.bind.ArrayTypeAdapter.read(ArrayTypeAdapter.java:72) ~[gson-2.10.jar%23106!/:?] {}
	at com.google.gson.Gson.fromJson(Gson.java:1214) ~[gson-2.10.jar%23106!/:?] {}
	at com.google.gson.Gson.fromJson(Gson.java:1319) ~[gson-2.10.jar%23106!/:?] {}
	at com.google.gson.Gson.fromJson(Gson.java:1290) ~[gson-2.10.jar%23106!/:?] {}
	at com.google.gson.internal.bind.TreeTypeAdapter$GsonContextImpl.deserialize(TreeTypeAdapter.java:179) ~[gson-2.10.jar%23106!/:?] {}
	at net.minecraft.util.GsonHelper.m_13808_(GsonHelper.java:463) ~[server-1.20.1-20230612.114412-srg.jar%23415!/:?] {re:classloading,re:mixin}
	at net.minecraft.util.GsonHelper.m_13845_(GsonHelper.java:481) ~[server-1.20.1-20230612.114412-srg.jar%23415!/:?] {re:classloading,re:mixin}
	at net.minecraft.world.level.storage.loot.entries.LootPoolSingletonContainer$Serializer.m_5921_(LootPoolSingletonContainer.java:149) ~[server-1.20.1-20230612.114412-srg.jar%23415!/:?] {re:classloading}
	at net.minecraft.world.level.storage.loot.entries.LootPoolSingletonContainer$Serializer.m_5921_(LootPoolSingletonContainer.java:129) ~[server-1.20.1-20230612.114412-srg.jar%23415!/:?] {re:classloading}
	at net.minecraft.world.level.storage.loot.entries.LootPoolEntryContainer$Serializer.m_7561_(LootEntry_SerializerMixin.java:86) ~[server-1.20.1-20230612.114412-srg.jar%23415!/:?] {re:mixin,re:classloading,pl:mixin:APP:mixins.arclight.core.json:world.level.storage.loot.entries.LootEntry_SerializerMixin,pl:mixin:A}
	at net.minecraft.world.level.storage.loot.entries.LootPoolEntryContainer$Serializer.m_7561_(LootEntry_SerializerMixin.java:74) ~[server-1.20.1-20230612.114412-srg.jar%23415!/:?] {re:mixin,re:classloading,pl:mixin:APP:mixins.arclight.core.json:world.level.storage.loot.entries.LootEntry_SerializerMixin,pl:mixin:A}
	at net.minecraft.world.level.storage.loot.GsonAdapterFactory$JsonAdapter.deserialize(GsonAdapterFactory.java:102) ~[server-1.20.1-20230612.114412-srg.jar%23415!/:?] {re:classloading}
	at com.google.gson.internal.bind.TreeTypeAdapter.read(TreeTypeAdapter.java:76) ~[gson-2.10.jar%23106!/:?] {}
	at com.google.gson.internal.bind.TypeAdapterRuntimeTypeWrapper.read(TypeAdapterRuntimeTypeWrapper.java:40) ~[gson-2.10.jar%23106!/:?] {}
	at com.google.gson.internal.bind.ArrayTypeAdapter.read(ArrayTypeAdapter.java:72) ~[gson-2.10.jar%23106!/:?] {}
	at com.google.gson.Gson.fromJson(Gson.java:1214) ~[gson-2.10.jar%23106!/:?] {}
	at com.google.gson.Gson.fromJson(Gson.java:1319) ~[gson-2.10.jar%23106!/:?] {}
	at com.google.gson.Gson.fromJson(Gson.java:1290) ~[gson-2.10.jar%23106!/:?] {}
	at com.google.gson.internal.bind.TreeTypeAdapter$GsonContextImpl.deserialize(TreeTypeAdapter.java:179) ~[gson-2.10.jar%23106!/:?] {}
	at net.minecraft.util.GsonHelper.m_13808_(GsonHelper.java:463) ~[server-1.20.1-20230612.114412-srg.jar%23415!/:?] {re:classloading,re:mixin}
	at net.minecraft.util.GsonHelper.m_13836_(GsonHelper.java:471) ~[server-1.20.1-20230612.114412-srg.jar%23415!/:?] {re:classloading,re:mixin}
	at net.minecraft.world.level.storage.loot.LootPool$Serializer.deserialize(LootPool.java:192) ~[server-1.20.1-20230612.114412-srg.jar%23415!/:?] {re:classloading}
	at net.minecraft.world.level.storage.loot.LootPool$Serializer.deserialize(LootPool.java:189) ~[server-1.20.1-20230612.114412-srg.jar%23415!/:?] {re:classloading}
	at com.google.gson.internal.bind.TreeTypeAdapter.read(TreeTypeAdapter.java:76) ~[gson-2.10.jar%23106!/:?] {}
	at com.google.gson.internal.bind.TypeAdapterRuntimeTypeWrapper.read(TypeAdapterRuntimeTypeWrapper.java:40) ~[gson-2.10.jar%23106!/:?] {}
	at com.google.gson.internal.bind.ArrayTypeAdapter.read(ArrayTypeAdapter.java:72) ~[gson-2.10.jar%23106!/:?] {}
	at com.google.gson.Gson.fromJson(Gson.java:1214) ~[gson-2.10.jar%23106!/:?] {}
	at com.google.gson.Gson.fromJson(Gson.java:1319) ~[gson-2.10.jar%23106!/:?] {}
	at com.google.gson.Gson.fromJson(Gson.java:1290) ~[gson-2.10.jar%23106!/:?] {}
	at com.google.gson.internal.bind.TreeTypeAdapter$GsonContextImpl.deserialize(TreeTypeAdapter.java:179) ~[gson-2.10.jar%23106!/:?] {}
	at net.minecraft.util.GsonHelper.m_13808_(GsonHelper.java:463) ~[server-1.20.1-20230612.114412-srg.jar%23415!/:?] {re:classloading,re:mixin}
	at net.minecraft.util.GsonHelper.m_13845_(GsonHelper.java:481) ~[server-1.20.1-20230612.114412-srg.jar%23415!/:?] {re:classloading,re:mixin}
	at net.minecraft.world.level.storage.loot.LootTable$Serializer.deserialize(LootTable.java:294) ~[server-1.20.1-20230612.114412-srg.jar%23415!/:?] {re:classloading}
	at net.minecraft.world.level.storage.loot.LootTable$Serializer.deserialize(LootTable.java:291) ~[server-1.20.1-20230612.114412-srg.jar%23415!/:?] {re:classloading}
	at com.google.gson.internal.bind.TreeTypeAdapter.read(TreeTypeAdapter.java:76) ~[gson-2.10.jar%23106!/:?] {}
	at com.google.gson.Gson.fromJson(Gson.java:1214) ~[gson-2.10.jar%23106!/:?] {}
	at com.google.gson.Gson.fromJson(Gson.java:1319) ~[gson-2.10.jar%23106!/:?] {}
	at com.google.gson.Gson.fromJson(Gson.java:1261) ~[gson-2.10.jar%23106!/:?] {}
	at net.minecraftforge.common.ForgeHooks.loadLootTable(ForgeHooksMixin.java:871) ~[forge-1.20.1-47.3.22-universal.jar%23420!/:?] {re:mixin,re:classloading,pl:mixin:APP:modernfix-forge.mixins.json:perf.faster_ingredients.ForgeHooksMixin,pl:mixin:APP:tombstone.mixins.json:ForgeHooksMixin,pl:mixin:APP:mixins.arclight.forge.json:ForgeHooksMixin,pl:mixin:A}
	at net.minecraftforge.common.ForgeHooks.lambda$getLootTableDeserializer$3(ForgeHooksMixin.java:848) ~[forge-1.20.1-47.3.22-universal.jar%23420!/:?] {re:mixin,re:classloading,pl:mixin:APP:modernfix-forge.mixins.json:perf.faster_ingredients.ForgeHooksMixin,pl:mixin:APP:tombstone.mixins.json:ForgeHooksMixin,pl:mixin:APP:mixins.arclight.forge.json:ForgeHooksMixin,pl:mixin:A}
	at net.minecraft.world.level.storage.loot.LootDataType.deserialize(LootDataType.java:45) ~[server-1.20.1-20230612.114412-srg.jar%23415!/:?] {re:mixin,re:classloading}
	at net.minecraft.world.level.storage.loot.LootDataManager.lambda$scheduleElementParse$4(LootDataManagerMixin.java:56) ~[server-1.20.1-20230612.114412-srg.jar%23415!/:?] {re:mixin,re:classloading,pl:mixin:APP:mixins.arclight.core.json:world.level.storage.loot.LootDataManagerMixin,pl:mixin:APP:placebo.mixins.json:LootTablesMixin,pl:mixin:APP:architectury.mixins.json:MixinLootDataManager,pl:mixin:APP:blueprint.mixins.json:LootDataManagerMixin,pl:mixin:APP:puzzleslib.forge.mixins.json:LootDataManagerForgeMixin,pl:mixin:A}
	at java.util.HashMap.forEach(HashMap.java:1421) ~[?:?] {re:mixin}
	at net.minecraft.world.level.storage.loot.LootDataManager.m_278660_(LootDataManagerMixin.java:55) ~[server-1.20.1-20230612.114412-srg.jar%23415!/:?] {re:mixin,re:classloading,pl:mixin:APP:mixins.arclight.core.json:world.level.storage.loot.LootDataManagerMixin,pl:mixin:APP:placebo.mixins.json:LootTablesMixin,pl:mixin:APP:architectury.mixins.json:MixinLootDataManager,pl:mixin:APP:blueprint.mixins.json:LootDataManagerMixin,pl:mixin:APP:puzzleslib.forge.mixins.json:LootDataManagerForgeMixin,pl:mixin:A}
	at java.util.concurrent.CompletableFuture$AsyncRun.run(CompletableFuture.java:1804) ~[?:?] {}
	at java.util.concurrent.CompletableFuture$AsyncRun.exec(CompletableFuture.java:1796) ~[?:?] {}
	at java.util.concurrent.ForkJoinTask.doExec(ForkJoinTask.java:373) ~[?:?] {}
	at java.util.concurrent.ForkJoinPool$WorkQueue.topLevelExec(ForkJoinPool.java:1182) ~[?:?] {}
	at java.util.concurrent.ForkJoinPool.scan(ForkJoinPool.java:1655) ~[?:?] {re:mixin,re:computing_frames}
	at java.util.concurrent.ForkJoinPool.runWorker(ForkJoinPool.java:1622) ~[?:?] {re:mixin,re:computing_frames}
	at java.util.concurrent.ForkJoinWorkerThread.run(ForkJoinWorkerThread.java:165) ~[?:?] {re:mixin}
[15Oct2025 00:00:41.362] [Worker-Main-3/ERROR] [net.minecraftforge.common.ForgeHooks/]: Couldn't parse element loot_tables:outer_end:blocks/stripped_azure_post
com.google.gson.JsonSyntaxException: Expected name to be an item, was unknown string 'outer_end:stripped_azure_post'
	at net.minecraft.util.GsonHelper.m_13866_(GsonHelper.java:145) ~[server-1.20.1-20230612.114412-srg.jar%23415!/:?] {re:classloading,re:mixin}
	at java.util.Optional.orElseThrow(Optional.java:403) ~[?:?] {re:mixin}
	at net.minecraft.util.GsonHelper.m_13874_(GsonHelper.java:145) ~[server-1.20.1-20230612.114412-srg.jar%23415!/:?] {re:classloading,re:mixin}
	at net.minecraft.util.GsonHelper.m_13909_(GsonHelper.java:153) ~[server-1.20.1-20230612.114412-srg.jar%23415!/:?] {re:classloading,re:mixin}
	at net.minecraft.world.level.storage.loot.entries.LootItem$Serializer.m_7267_(LootItem.java:55) ~[server-1.20.1-20230612.114412-srg.jar%23415!/:?] {re:classloading}
	at net.minecraft.world.level.storage.loot.entries.LootItem$Serializer.m_7267_(LootItem.java:40) ~[server-1.20.1-20230612.114412-srg.jar%23415!/:?] {re:classloading}
	at net.minecraft.world.level.storage.loot.entries.LootPoolSingletonContainer$Serializer.m_5921_(LootPoolSingletonContainer.java:151) ~[server-1.20.1-20230612.114412-srg.jar%23415!/:?] {re:classloading}
	at net.minecraft.world.level.storage.loot.entries.LootPoolSingletonContainer$Serializer.m_5921_(LootPoolSingletonContainer.java:129) ~[server-1.20.1-20230612.114412-srg.jar%23415!/:?] {re:classloading}
	at net.minecraft.world.level.storage.loot.entries.LootPoolEntryContainer$Serializer.m_7561_(LootEntry_SerializerMixin.java:86) ~[server-1.20.1-20230612.114412-srg.jar%23415!/:?] {re:mixin,re:classloading,pl:mixin:APP:mixins.arclight.core.json:world.level.storage.loot.entries.LootEntry_SerializerMixin,pl:mixin:A}
	at net.minecraft.world.level.storage.loot.entries.LootPoolEntryContainer$Serializer.m_7561_(LootEntry_SerializerMixin.java:74) ~[server-1.20.1-20230612.114412-srg.jar%23415!/:?] {re:mixin,re:classloading,pl:mixin:APP:mixins.arclight.core.json:world.level.storage.loot.entries.LootEntry_SerializerMixin,pl:mixin:A}
	at net.minecraft.world.level.storage.loot.GsonAdapterFactory$JsonAdapter.deserialize(GsonAdapterFactory.java:102) ~[server-1.20.1-20230612.114412-srg.jar%23415!/:?] {re:classloading}
	at com.google.gson.internal.bind.TreeTypeAdapter.read(TreeTypeAdapter.java:76) ~[gson-2.10.jar%23106!/:?] {}
	at com.google.gson.internal.bind.TypeAdapterRuntimeTypeWrapper.read(TypeAdapterRuntimeTypeWrapper.java:40) ~[gson-2.10.jar%23106!/:?] {}
	at com.google.gson.internal.bind.ArrayTypeAdapter.read(ArrayTypeAdapter.java:72) ~[gson-2.10.jar%23106!/:?] {}
	at com.google.gson.Gson.fromJson(Gson.java:1214) ~[gson-2.10.jar%23106!/:?] {}
	at com.google.gson.Gson.fromJson(Gson.java:1319) ~[gson-2.10.jar%23106!/:?] {}
	at com.google.gson.Gson.fromJson(Gson.java:1290) ~[gson-2.10.jar%23106!/:?] {}
	at com.google.gson.internal.bind.TreeTypeAdapter$GsonContextImpl.deserialize(TreeTypeAdapter.java:179) ~[gson-2.10.jar%23106!/:?] {}
	at net.minecraft.util.GsonHelper.m_13808_(GsonHelper.java:463) ~[server-1.20.1-20230612.114412-srg.jar%23415!/:?] {re:classloading,re:mixin}
	at net.minecraft.util.GsonHelper.m_13836_(GsonHelper.java:471) ~[server-1.20.1-20230612.114412-srg.jar%23415!/:?] {re:classloading,re:mixin}
	at net.minecraft.world.level.storage.loot.LootPool$Serializer.deserialize(LootPool.java:192) ~[server-1.20.1-20230612.114412-srg.jar%23415!/:?] {re:classloading}
	at net.minecraft.world.level.storage.loot.LootPool$Serializer.deserialize(LootPool.java:189) ~[server-1.20.1-20230612.114412-srg.jar%23415!/:?] {re:classloading}
	at com.google.gson.internal.bind.TreeTypeAdapter.read(TreeTypeAdapter.java:76) ~[gson-2.10.jar%23106!/:?] {}
	at com.google.gson.internal.bind.TypeAdapterRuntimeTypeWrapper.read(TypeAdapterRuntimeTypeWrapper.java:40) ~[gson-2.10.jar%23106!/:?] {}
	at com.google.gson.internal.bind.ArrayTypeAdapter.read(ArrayTypeAdapter.java:72) ~[gson-2.10.jar%23106!/:?] {}
	at com.google.gson.Gson.fromJson(Gson.java:1214) ~[gson-2.10.jar%23106!/:?] {}
	at com.google.gson.Gson.fromJson(Gson.java:1319) ~[gson-2.10.jar%23106!/:?] {}
	at com.google.gson.Gson.fromJson(Gson.java:1290) ~[gson-2.10.jar%23106!/:?] {}
	at com.google.gson.internal.bind.TreeTypeAdapter$GsonContextImpl.deserialize(TreeTypeAdapter.java:179) ~[gson-2.10.jar%23106!/:?] {}
	at net.minecraft.util.GsonHelper.m_13808_(GsonHelper.java:463) ~[server-1.20.1-20230612.114412-srg.jar%23415!/:?] {re:classloading,re:mixin}
	at net.minecraft.util.GsonHelper.m_13845_(GsonHelper.java:481) ~[server-1.20.1-20230612.114412-srg.jar%23415!/:?] {re:classloading,re:mixin}
	at net.minecraft.world.level.storage.loot.LootTable$Serializer.deserialize(LootTable.java:294) ~[server-1.20.1-20230612.114412-srg.jar%23415!/:?] {re:classloading}
	at net.minecraft.world.level.storage.loot.LootTable$Serializer.deserialize(LootTable.java:291) ~[server-1.20.1-20230612.114412-srg.jar%23415!/:?] {re:classloading}
	at com.google.gson.internal.bind.TreeTypeAdapter.read(TreeTypeAdapter.java:76) ~[gson-2.10.jar%23106!/:?] {}
	at com.google.gson.Gson.fromJson(Gson.java:1214) ~[gson-2.10.jar%23106!/:?] {}
	at com.google.gson.Gson.fromJson(Gson.java:1319) ~[gson-2.10.jar%23106!/:?] {}
	at com.google.gson.Gson.fromJson(Gson.java:1261) ~[gson-2.10.jar%23106!/:?] {}
	at net.minecraftforge.common.ForgeHooks.loadLootTable(ForgeHooksMixin.java:871) ~[forge-1.20.1-47.3.22-universal.jar%23420!/:?] {re:mixin,re:classloading,pl:mixin:APP:modernfix-forge.mixins.json:perf.faster_ingredients.ForgeHooksMixin,pl:mixin:APP:tombstone.mixins.json:ForgeHooksMixin,pl:mixin:APP:mixins.arclight.forge.json:ForgeHooksMixin,pl:mixin:A}
	at net.minecraftforge.common.ForgeHooks.lambda$getLootTableDeserializer$3(ForgeHooksMixin.java:848) ~[forge-1.20.1-47.3.22-universal.jar%23420!/:?] {re:mixin,re:classloading,pl:mixin:APP:modernfix-forge.mixins.json:perf.faster_ingredients.ForgeHooksMixin,pl:mixin:APP:tombstone.mixins.json:ForgeHooksMixin,pl:mixin:APP:mixins.arclight.forge.json:ForgeHooksMixin,pl:mixin:A}
	at net.minecraft.world.level.storage.loot.LootDataType.deserialize(LootDataType.java:45) ~[server-1.20.1-20230612.114412-srg.jar%23415!/:?] {re:mixin,re:classloading}
	at net.minecraft.world.level.storage.loot.LootDataManager.lambda$scheduleElementParse$4(LootDataManagerMixin.java:56) ~[server-1.20.1-20230612.114412-srg.jar%23415!/:?] {re:mixin,re:classloading,pl:mixin:APP:mixins.arclight.core.json:world.level.storage.loot.LootDataManagerMixin,pl:mixin:APP:placebo.mixins.json:LootTablesMixin,pl:mixin:APP:architectury.mixins.json:MixinLootDataManager,pl:mixin:APP:blueprint.mixins.json:LootDataManagerMixin,pl:mixin:APP:puzzleslib.forge.mixins.json:LootDataManagerForgeMixin,pl:mixin:A}
	at java.util.HashMap.forEach(HashMap.java:1421) ~[?:?] {re:mixin}
	at net.minecraft.world.level.storage.loot.LootDataManager.m_278660_(LootDataManagerMixin.java:55) ~[server-1.20.1-20230612.114412-srg.jar%23415!/:?] {re:mixin,re:classloading,pl:mixin:APP:mixins.arclight.core.json:world.level.storage.loot.LootDataManagerMixin,pl:mixin:APP:placebo.mixins.json:LootTablesMixin,pl:mixin:APP:architectury.mixins.json:MixinLootDataManager,pl:mixin:APP:blueprint.mixins.json:LootDataManagerMixin,pl:mixin:APP:puzzleslib.forge.mixins.json:LootDataManagerForgeMixin,pl:mixin:A}
	at java.util.concurrent.CompletableFuture$AsyncRun.run(CompletableFuture.java:1804) ~[?:?] {}
	at java.util.concurrent.CompletableFuture$AsyncRun.exec(CompletableFuture.java:1796) ~[?:?] {}
	at java.util.concurrent.ForkJoinTask.doExec(ForkJoinTask.java:373) ~[?:?] {}
	at java.util.concurrent.ForkJoinPool$WorkQueue.topLevelExec(ForkJoinPool.java:1182) ~[?:?] {}
	at java.util.concurrent.ForkJoinPool.scan(ForkJoinPool.java:1655) ~[?:?] {re:mixin,re:computing_frames}
	at java.util.concurrent.ForkJoinPool.runWorker(ForkJoinPool.java:1622) ~[?:?] {re:mixin,re:computing_frames}
	at java.util.concurrent.ForkJoinWorkerThread.run(ForkJoinWorkerThread.java:165) ~[?:?] {re:mixin}
[15Oct2025 00:00:41.381] [main/INFO] [com.teamabnormals.blueprint.core.Blueprint/]: Loot Modification Manager has loaded 0 modifier groups
[15Oct2025 00:00:41.441] [main/WARN] [net.minecraft.world.level.storage.loot.LootDataManager/]: Found loot table element validation problem in {loot_tables:mofus_better_end_:entities/bloodworm}.pools[0].entries[1].functions[1]: Parameters [<parameter minecraft:tool>] are not provided in this context
[15Oct2025 00:00:41.441] [main/WARN] [net.minecraft.world.level.storage.loot.LootDataManager/]: Found loot table element validation problem in {loot_tables:mofus_better_end_:entities/bloodworm}.pools[0].entries[0].functions[1]: Parameters [<parameter minecraft:tool>] are not provided in this context
[15Oct2025 00:00:41.441] [main/WARN] [net.minecraft.world.level.storage.loot.LootDataManager/]: Found loot table element validation problem in {loot_tables:mofus_better_end_:entities/crown_squid}.pools[0].entries[1].functions[1]: Parameters [<parameter minecraft:tool>] are not provided in this context
[15Oct2025 00:00:41.441] [main/WARN] [net.minecraft.world.level.storage.loot.LootDataManager/]: Found loot table element validation problem in {loot_tables:minecraft:chests/underground_cabin}.pools[0].entries[2].functions[1]: Parameters [<parameter minecraft:tool>] are not provided in this context
[15Oct2025 00:00:41.441] [main/WARN] [net.minecraft.world.level.storage.loot.LootDataManager/]: Found loot table element validation problem in {loot_tables:minecraft:chests/underground_cabin}.pools[1].entries[9].functions[1]: Parameters [<parameter minecraft:tool>] are not provided in this context
[15Oct2025 00:00:41.441] [main/WARN] [net.minecraft.world.level.storage.loot.LootDataManager/]: Found loot table element validation problem in {loot_tables:alexsmobs:gameplay/seal_reward}.pools[0].entries[0]->{minecraft:gameplay/fishing/junk}.pools[1].condition[1]: Parameters [<parameter minecraft:origin>] are not provided in this context
[15Oct2025 00:00:41.452] [main/INFO] [net.minecraft.world.item.crafting.RecipeManager/]: Skipping loading recipe outer_end:violite/tiles/vertical_slab_from_violite_stonecutting as it's serializer returned null
[15Oct2025 00:00:41.457] [main/INFO] [net.minecraft.world.item.crafting.RecipeManager/]: Skipping loading recipe outer_end:violite/bricks/vertical_slab_violite_stonecutting as it's serializer returned null
[15Oct2025 00:00:41.460] [main/INFO] [net.minecraft.world.item.crafting.RecipeManager/]: Skipping loading recipe outer_end:himmel_vertical_slab as it's serializer returned null
[15Oct2025 00:00:41.463] [main/INFO] [net.minecraft.world.item.crafting.RecipeManager/]: Skipping loading recipe outer_end:azure_ladder as it's serializer returned null
[15Oct2025 00:00:41.465] [main/INFO] [net.minecraft.world.item.crafting.RecipeManager/]: Skipping loading recipe outer_end:violite/bricks/vertical_slab as it's serializer returned null
[15Oct2025 00:00:41.467] [main/INFO] [net.minecraft.world.item.crafting.RecipeManager/]: Skipping loading recipe outer_end:violite/bricks/slab_from_vertical_slab as it's serializer returned null
[15Oct2025 00:00:41.472] [main/INFO] [net.minecraft.world.item.crafting.RecipeManager/]: Skipping loading recipe outer_end:stripped_azure_post as it's serializer returned null
[15Oct2025 00:00:41.475] [main/ERROR] [net.minecraft.world.item.crafting.RecipeManager/]: Parsing error loading recipe farmersdelight:cutting/azure_sign: com.google.gson.JsonSyntaxException: Invalid or unsupported recipe type 'farmersdelight:cutting'
[15Oct2025 00:00:41.476] [main/ERROR] [net.minecraft.world.item.crafting.RecipeManager/]: Parsing error loading recipe luminous_nether:supplementaries_ash_block: com.google.gson.JsonSyntaxException: Unknown item 'supplementaries:ash'
[15Oct2025 00:00:41.477] [main/INFO] [net.minecraft.world.item.crafting.RecipeManager/]: Skipping loading recipe outer_end:azure_bookshelf as it's serializer returned null
[15Oct2025 00:00:41.477] [main/INFO] [net.minecraft.world.item.crafting.RecipeManager/]: Skipping loading recipe outer_end:violite/mossy_bricks/vertical_slab_stonecutting as it's serializer returned null
[15Oct2025 00:00:41.479] [main/INFO] [net.minecraft.world.item.crafting.RecipeManager/]: Skipping loading recipe outer_end:violite/mossy_bricks/slab_from_vertical_slab as it's serializer returned null
[15Oct2025 00:00:41.481] [main/ERROR] [net.minecraft.world.item.crafting.RecipeManager/]: Parsing error loading recipe legendary_monsters:ender_hammer: com.google.gson.JsonSyntaxException: Unknown item 'legendary_monsters:ender_hammer'
[15Oct2025 00:00:41.482] [main/INFO] [net.minecraft.world.item.crafting.RecipeManager/]: Skipping loading recipe outer_end:violite/vertical_slab_stonecutting as it's serializer returned null
[15Oct2025 00:00:41.482] [main/INFO] [net.minecraft.world.item.crafting.RecipeManager/]: Skipping loading recipe outer_end:violite/tiles/vertical_slab_stonecutting as it's serializer returned null
[15Oct2025 00:00:41.486] [main/INFO] [net.minecraft.world.item.crafting.RecipeManager/]: Skipping loading recipe outer_end:violite/mossy_tiles/vertical_slab_stonecutting as it's serializer returned null
[15Oct2025 00:00:41.488] [main/INFO] [net.minecraft.world.item.crafting.RecipeManager/]: Skipping loading recipe outer_end:himmel_vertical_slab_stonecutting as it's serializer returned null
[15Oct2025 00:00:41.489] [main/INFO] [net.minecraft.world.item.crafting.RecipeManager/]: Skipping loading recipe outer_end:violite/tiles/vertical_slab as it's serializer returned null
[15Oct2025 00:00:41.491] [main/ERROR] [net.minecraft.world.item.crafting.RecipeManager/]: Parsing error loading recipe farmersdelight:cutting/azure_pith: com.google.gson.JsonSyntaxException: Invalid or unsupported recipe type 'farmersdelight:cutting'
[15Oct2025 00:00:41.493] [main/INFO] [net.minecraft.world.item.crafting.RecipeManager/]: Skipping loading recipe outer_end:azure_vertical_to_slab as it's serializer returned null
[15Oct2025 00:00:41.496] [main/INFO] [net.minecraft.world.item.crafting.RecipeManager/]: Skipping loading recipe outer_end:azure_post as it's serializer returned null
[15Oct2025 00:00:41.499] [main/ERROR] [net.minecraft.world.item.crafting.RecipeManager/]: Parsing error loading recipe outer_end:azure_chest: com.google.gson.JsonSyntaxException: Unknown item 'outer_end:azure_chest'
[15Oct2025 00:00:41.500] [main/INFO] [net.minecraft.world.item.crafting.RecipeManager/]: Skipping loading recipe outer_end:violite/slab_from_vertical_slab as it's serializer returned null
[15Oct2025 00:00:41.501] [main/INFO] [net.minecraft.world.item.crafting.RecipeManager/]: Skipping loading recipe outer_end:violite/mossy_tiles/slab_from_vertical_slab as it's serializer returned null
[15Oct2025 00:00:41.502] [main/ERROR] [net.minecraft.world.item.crafting.RecipeManager/]: Parsing error loading recipe mofus_better_end_:end_engine_recipe: com.google.gson.JsonSyntaxException: Unknown item 'mofus_better_end_:deleted_mod_element'
[15Oct2025 00:00:41.504] [main/ERROR] [net.minecraft.world.item.crafting.RecipeManager/]: Parsing error loading recipe farmersdelight:cutting/azure_door: com.google.gson.JsonSyntaxException: Invalid or unsupported recipe type 'farmersdelight:cutting'
[15Oct2025 00:00:41.514] [main/INFO] [net.minecraft.world.item.crafting.RecipeManager/]: Skipping loading recipe outer_end:violite/mossy_tiles/vertical_slab as it's serializer returned null
[15Oct2025 00:00:41.514] [main/INFO] [net.minecraft.world.item.crafting.RecipeManager/]: Skipping loading recipe outer_end:violite/bricks/vertical_slab_stonecutting as it's serializer returned null
[15Oct2025 00:00:41.514] [main/INFO] [net.minecraft.world.item.crafting.RecipeManager/]: Skipping loading recipe outer_end:azure_vertical_to_planks as it's serializer returned null
[15Oct2025 00:00:41.515] [main/ERROR] [net.minecraft.world.item.crafting.RecipeManager/]: Parsing error loading recipe netherdungeons:crafting/chiseled_polished_gilded_blackstone: com.google.gson.JsonSyntaxException: Unknown item 'netherdungeons:polished_gilded_blackstone_slab'
[15Oct2025 00:00:41.517] [main/ERROR] [net.minecraft.world.item.crafting.RecipeManager/]: Parsing error loading recipe farmersdelight:cutting/azure_stem: com.google.gson.JsonSyntaxException: Invalid or unsupported recipe type 'farmersdelight:cutting'
[15Oct2025 00:00:41.517] [main/ERROR] [net.minecraft.world.item.crafting.RecipeManager/]: Parsing error loading recipe famersdelight:adamantite_knife_smithing: com.google.gson.JsonSyntaxException: Invalid or unsupported recipe type 'minecraft:smithing'
[15Oct2025 00:00:41.519] [main/INFO] [net.minecraft.world.item.crafting.RecipeManager/]: Skipping loading recipe outer_end:violite/mossy_bricks/vertical_slab as it's serializer returned null
[15Oct2025 00:00:41.523] [main/INFO] [net.minecraft.world.item.crafting.RecipeManager/]: Skipping loading recipe outer_end:violite/tiles/slab_from_vertical_slab as it's serializer returned null
[15Oct2025 00:00:41.524] [main/INFO] [net.minecraft.world.item.crafting.RecipeManager/]: Skipping loading recipe outer_end:azure_vertical_slab as it's serializer returned null
[15Oct2025 00:00:41.526] [main/INFO] [net.minecraft.world.item.crafting.RecipeManager/]: Skipping loading recipe outer_end:himmel_vertical_to_slab as it's serializer returned null
[15Oct2025 00:00:41.535] [main/INFO] [net.minecraft.world.item.crafting.RecipeManager/]: Skipping loading recipe outer_end:azure_vertical_planks as it's serializer returned null
[15Oct2025 00:00:41.537] [main/ERROR] [net.minecraft.world.item.crafting.RecipeManager/]: Parsing error loading recipe farmersdelight:cutting/azure_trapdoor: com.google.gson.JsonSyntaxException: Invalid or unsupported recipe type 'farmersdelight:cutting'
[15Oct2025 00:00:41.541] [main/ERROR] [net.minecraft.world.item.crafting.RecipeManager/]: Parsing error loading recipe outer_end:azure_trapped_chest: com.google.gson.JsonSyntaxException: Unknown item 'outer_end:azure_chest'
[15Oct2025 00:00:41.544] [main/INFO] [net.minecraft.world.item.crafting.RecipeManager/]: Skipping loading recipe outer_end:violite/vertical_slab as it's serializer returned null
[15Oct2025 00:00:41.546] [main/INFO] [net.minecraft.world.item.crafting.RecipeManager/]: Loaded 9 recipes
[15Oct2025 00:00:41.546] [main/INFO] [com.teamabnormals.blueprint.core.Blueprint/]: Advancement Modification Manager has loaded 0 modifier groups
[15Oct2025 00:00:41.631] [main/ERROR] [net.minecraft.server.ServerAdvancementManager/]: Parsing error loading custom advancement outer_end:end/find_catacombs: Expected item to be an item, was unknown string 'outer_end:chiseled_violite'
[15Oct2025 00:00:41.651] [main/ERROR] [net.minecraft.server.ServerAdvancementManager/]: Parsing error loading custom advancement legendary_monsters:defeat_ambusher: Expected item to be an item, was unknown string 'legendary_monsters:ancient_dripstone_shard'
[15Oct2025 00:00:41.683] [main/INFO] [net.minecraft.advancements.AdvancementList/]: Loaded 3370 advancements
[15Oct2025 00:00:41.694] [main/INFO] [placebo/]: Registered 0 additional recipes.
[15Oct2025 00:00:41.704] [main/INFO] [top.theillusivec4.curios.Curios/]: Loaded 12 curio slots
[15Oct2025 00:00:41.706] [main/INFO] [top.theillusivec4.curios.Curios/]: Loaded 1 curio entities
[15Oct2025 00:00:41.716] [main/INFO] [Dungeon Crawl/]: Loading data...
[15Oct2025 00:00:42.039] [main/INFO] [Dungeon Crawl/]: Done.
[15Oct2025 00:00:42.051] [main/INFO] [com.teamabnormals.blueprint.core.Blueprint/]: Chunk Generator Modification Manager has loaded 1 modifier groups
[15Oct2025 00:00:42.052] [main/INFO] [placebo/]: Registered 0 gear_sets.
[15Oct2025 00:00:42.107] [main/WARN] [ModernFix/]: Initial datapack load took 5.787 s
[15Oct2025 00:00:42.438] [Server thread/INFO] [net.minecraft.server.dedicated.DedicatedServer/]: Starting minecraft server version 1.20.1
[15Oct2025 00:00:42.438] [Server thread/INFO] [net.minecraft.server.dedicated.DedicatedServer/]: Loading properties
[15Oct2025 00:00:42.438] [Server thread/INFO] [net.minecraft.server.dedicated.DedicatedServer/]: Default game type: SURVIVAL
[15Oct2025 00:00:42.438] [Server thread/INFO] [net.minecraft.server.MinecraftServer/]: Generating keypair
[15Oct2025 00:00:42.565] [Server thread/INFO] [net.minecraft.server.dedicated.DedicatedServer/]: Starting Minecraft server on *:25565
[15Oct2025 00:00:42.589] [Server thread/INFO] [net.minecraft.server.network.ServerConnectionListener/]: Using epoll channel type
[15Oct2025 00:00:42.679] [Server thread/WARN] [net.minecraft.server.dedicated.DedicatedServer/]: **** SERVER IS RUNNING IN OFFLINE/INSECURE MODE!
[15Oct2025 00:00:42.679] [Server thread/WARN] [net.minecraft.server.dedicated.DedicatedServer/]: The server will make no attempt to authenticate usernames. Beware.
[15Oct2025 00:00:42.679] [Server thread/WARN] [net.minecraft.server.dedicated.DedicatedServer/]: While this makes the game possible to play without internet access, it also opens up the ability for hackers to connect with any username they choose.
[15Oct2025 00:00:42.679] [Server thread/WARN] [net.minecraft.server.dedicated.DedicatedServer/]: To change this, set "online-mode" to "true" in the server.properties file.
[15Oct2025 00:00:42.910] [Server thread/INFO] [Minecraft/]: This server is running Arclight version arclight-1.20.1-1.0.6-4e94eb76 (MC: 1.20.1) (Implementing API version 1.20.1-R0.1-SNAPSHOT)
[15Oct2025 00:00:43.433] [Server thread/INFO] [Arclight/]: 正在向 Bukkit 注册 ...
[15Oct2025 00:00:43.762] [Server thread/INFO] [Arclight/]: 注册了 4596 个材料，其中 2641 个方块 1955 个物品
[15Oct2025 00:00:43.765] [Server thread/INFO] [Arclight/]: 注册了 140 个新的药水效果
[15Oct2025 00:00:43.776] [Server thread/INFO] [Arclight/]: 注册了 90 个新的附魔
[15Oct2025 00:00:43.923] [Server thread/INFO] [Arclight/]: 注册了 719 个新的生物类型
[15Oct2025 00:00:43.924] [Server thread/INFO] [Arclight/]: 注册了 1 个新的村民职业
[15Oct2025 00:00:43.931] [Server thread/INFO] [Arclight/]: 注册了 131 个新的生物群系
[15Oct2025 00:00:43.955] [Server thread/INFO] [STDOUT/]: Server Ping Player Sample Count: 12
[15Oct2025 00:00:43.957] [Server thread/INFO] [Minecraft/]: Using 4 threads for Netty based IO
[15Oct2025 00:00:43.958] [Server thread/INFO] [Minecraft/]: Debug logging is enabled
[15Oct2025 00:00:44.142] [Server thread/INFO] [Arclight/]: 正在加载混淆数据 ...
[15Oct2025 00:00:44.502] [Server thread/INFO] [Arclight/]: 正在加载 Plugin Patcher ...
[15Oct2025 00:00:45.421] [Server thread/INFO] [NeoPerformance/]: Loading NeoPerformance v1.15.4
[15Oct2025 00:00:45.421] [Server thread/INFO] [LuckPerms/]: Loading LuckPerms v5.5.10
[15Oct2025 00:00:45.808] [Server thread/INFO] [LuckPerms/]: Loading configuration...
[15Oct2025 00:00:45.926] [Server thread/INFO] [WorldEdit/]: Loading WorldEdit v7.2.15+6463-5ca4dff
[15Oct2025 00:00:46.354] [Server thread/INFO] [com.sk89q.worldedit.extension.platform.PlatformManager/]: Got request to register class com.sk89q.worldedit.bukkit.BukkitServerInterface with WorldEdit [com.sk89q.worldedit.extension.platform.PlatformManager@5b77f6c0]
[15Oct2025 00:00:46.359] [Server thread/INFO] [WorldGuard/]: Loading WorldGuard v7.0.9+5934e49
[15Oct2025 00:00:46.359] [Server thread/INFO] [Multiverse-Core/]: Loading Multiverse-Core v4.3.12
[15Oct2025 00:00:46.382] [Server thread/INFO] [ProtocolLib/]: Loading ProtocolLib v5.4.0
[15Oct2025 00:00:46.612] [Server thread/INFO] [com.cupboard.Cupboard/]: Loaded config for: connectivity.json
[15Oct2025 00:00:46.707] [Server thread/INFO] [Citizens/]: Loading Citizens v2.0.32-SNAPSHOT (build 3188)
[15Oct2025 00:00:46.708] [Server thread/INFO] [Shopkeepers/]: Loading Shopkeepers v2.19.0
[15Oct2025 00:00:47.069] [Server thread/INFO] [Shopkeepers/]: Loaded all plugin classes (360 ms).
[15Oct2025 00:00:47.111] [Server thread/INFO] [Shopkeepers/]: Loading config.
[15Oct2025 00:00:47.140] [Server thread/INFO] [Shopkeepers/]: Loading language file: language-en-default.yml
[15Oct2025 00:00:47.167] [Server thread/INFO] [Shopkeepers/]: Registering WorldGuard flag 'allow-shop'.
[15Oct2025 00:00:47.187] [Server thread/INFO] [Shopkeepers/]: Registering defaults.
[15Oct2025 00:00:47.189] [Server thread/INFO] [Multiverse-Portals/]: Loading Multiverse-Portals v4.2.3
[15Oct2025 00:00:47.189] [Server thread/INFO] [CitizensText/]: Loading CitizensText v1.20
[15Oct2025 00:00:47.192] [Server thread/INFO] [LuckPerms/]: Enabling LuckPerms v5.5.10
[15Oct2025 00:00:47.753] [Server thread/INFO] [net.minecraftforge.coremod.CoreMod.placebo/COREMODLOG]: Patching IForgeItemStack#getEnchantmentLevel
[15Oct2025 00:00:47.754] [Server thread/INFO] [net.minecraftforge.coremod.CoreMod.placebo/COREMODLOG]: Patching IForgeItemStack#getEnchantmentLevel
[15Oct2025 00:00:48.259] [Server thread/INFO] [Console/]:         __    
[15Oct2025 00:00:48.260] [Server thread/INFO] [Console/]:   |    |__)   LuckPerms v5.5.10
[15Oct2025 00:00:48.260] [Server thread/INFO] [Console/]:   |___ |      Running on Bukkit - Arclight
[15Oct2025 00:00:48.260] [Server thread/INFO] [Console/]: 
[15Oct2025 00:00:48.599] [Server thread/INFO] [LuckPerms/]: Loading storage provider... [H2]
[15Oct2025 00:00:50.151] [Server thread/INFO] [LuckPerms/]: Loading internal permission managers...
[15Oct2025 00:00:50.363] [Server thread/INFO] [LuckPerms/]: Performing initial data load...
[15Oct2025 00:00:50.575] [Server thread/INFO] [LuckPerms/]: Successfully enabled. (took 3383ms)
[15Oct2025 00:00:50.576] [Server thread/INFO] [WorldEdit/]: Enabling WorldEdit v7.2.15+6463-5ca4dff
[15Oct2025 00:00:50.626] [Server thread/INFO] [com.sk89q.worldedit.extension.platform.PlatformCommandManager/]: Registering commands with com.sk89q.worldedit.bukkit.BukkitServerInterface
[15Oct2025 00:00:50.689] [Server thread/INFO] [com.sk89q.wepif.PermissionsResolverManager/]: WEPIF: Using the Bukkit Permissions API.
[15Oct2025 00:00:50.930] [Server thread/INFO] [com.sk89q.worldedit.bukkit.WorldEditPlugin/]: Using com.sk89q.worldedit.bukkit.adapter.impl.v1_20_R1.PaperweightAdapter as the Bukkit adapter
[15Oct2025 00:00:51.035] [Server thread/INFO] [ModernFix/]: Instantiating Mojang DFU
[15Oct2025 00:00:52.798] [Server thread/INFO] [WorldEdit/]: ====================================================
[15Oct2025 00:00:52.798] [Server thread/INFO] [WorldEdit/]:  WorldEdit works better if you use Paper 
[15Oct2025 00:00:52.798] [Server thread/INFO] [WorldEdit/]:  as your server software. 
[15Oct2025 00:00:52.798] [Server thread/INFO] [WorldEdit/]:   
[15Oct2025 00:00:52.798] [Server thread/INFO] [WorldEdit/]:  Paper offers significant performance improvements,
[15Oct2025 00:00:52.798] [Server thread/INFO] [WorldEdit/]:  bug fixes, security enhancements and optional
[15Oct2025 00:00:52.798] [Server thread/INFO] [WorldEdit/]:  features for server owners to enhance their server.
[15Oct2025 00:00:52.798] [Server thread/INFO] [WorldEdit/]:   
[15Oct2025 00:00:52.798] [Server thread/INFO] [WorldEdit/]:  Paper includes Timings v2, which is significantly
[15Oct2025 00:00:52.799] [Server thread/INFO] [WorldEdit/]:  better at diagnosing lag problems over v1.
[15Oct2025 00:00:52.799] [Server thread/INFO] [WorldEdit/]:   
[15Oct2025 00:00:52.799] [Server thread/INFO] [WorldEdit/]:  All of your plugins should still work, and the
[15Oct2025 00:00:52.799] [Server thread/INFO] [WorldEdit/]:  Paper community will gladly help you fix any issues.
[15Oct2025 00:00:52.799] [Server thread/INFO] [WorldEdit/]:   
[15Oct2025 00:00:52.799] [Server thread/INFO] [WorldEdit/]:  Join the Paper Community @ https://papermc.io
[15Oct2025 00:00:52.799] [Server thread/INFO] [WorldEdit/]: ====================================================
[15Oct2025 00:00:52.800] [Server thread/INFO] [ProtocolLib/]: Enabling ProtocolLib v5.4.0
[15Oct2025 00:00:52.841] [Server thread/INFO] [Puzzles Lib/]: Loading server config for easymagic
[15Oct2025 00:00:53.204] [Server thread/INFO] [spark/]: Starting background profiler...
[15Oct2025 00:00:53.715] [Server thread/INFO] [net.jadenxgamer.elysium_api.Elysium/]: ElysiumBiomeSource successfully initialized for minecraft:overworld
[15Oct2025 00:00:53.716] [Server thread/INFO] [net.jadenxgamer.elysium_api.Elysium/]: ElysiumBiomeSource successfully initialized for minecraft:the_nether
[15Oct2025 00:00:53.723] [Server thread/INFO] [terrablender/]: Initialized TerraBlender biomes for level stem minecraft:the_nether
[15Oct2025 00:00:53.913] [Server thread/INFO] [terrablender/]: Initialized TerraBlender biomes for level stem minecraft:overworld
[15Oct2025 00:00:53.914] [Server thread/INFO] [net.minecraft.server.dedicated.DedicatedServer/]: Preparing level "world"
[15Oct2025 00:00:53.960] [Server thread/INFO] [Arclight/]: 注册了 4 个新的世界类型
[15Oct2025 00:00:54.403] [Server thread/INFO] [Minecraft/]: -------- World Settings For [Serie Inovaland] --------
[15Oct2025 00:00:54.403] [Server thread/INFO] [Minecraft/]: Simulation Distance: 10
[15Oct2025 00:00:54.403] [Server thread/INFO] [Minecraft/]: Arrow Despawn Rate: 1200 Trident Respawn Rate:1200
[15Oct2025 00:00:54.403] [Server thread/INFO] [Minecraft/]: Custom Map Seeds:  Village: 10387312 Desert: 14357617 Igloo: 14357618 Jungle: 14357619 Swamp: 14357620 Monument: 10387313 Ocean: 14357621 Shipwreck: 165745295 End City: 10387313 Slime: 987234911 Nether: 30084232 Mansion: 10387319 Fossil: 14357921 Portal: 34222645
[15Oct2025 00:00:54.403] [Server thread/INFO] [Minecraft/]: Max TNT Explosions: 100
[15Oct2025 00:00:54.403] [Server thread/INFO] [Minecraft/]: Tile Max Tick Time: 50ms Entity max Tick Time: 50ms
[15Oct2025 00:00:54.403] [Server thread/INFO] [Minecraft/]: Experience Merge Radius: 3.0
[15Oct2025 00:00:54.403] [Server thread/INFO] [Minecraft/]: Mob Spawn Range: 6
[15Oct2025 00:00:54.403] [Server thread/INFO] [Minecraft/]: Zombie Aggressive Towards Villager: true
[15Oct2025 00:00:54.403] [Server thread/INFO] [Minecraft/]: Allow Zombie Pigmen to spawn from portal blocks: true
[15Oct2025 00:00:54.404] [Server thread/INFO] [Minecraft/]: Cactus Growth Modifier: 100%
[15Oct2025 00:00:54.404] [Server thread/INFO] [Minecraft/]: Cane Growth Modifier: 100%
[15Oct2025 00:00:54.404] [Server thread/INFO] [Minecraft/]: Melon Growth Modifier: 100%
[15Oct2025 00:00:54.404] [Server thread/INFO] [Minecraft/]: Mushroom Growth Modifier: 100%
[15Oct2025 00:00:54.404] [Server thread/INFO] [Minecraft/]: Pumpkin Growth Modifier: 100%
[15Oct2025 00:00:54.404] [Server thread/INFO] [Minecraft/]: Sapling Growth Modifier: 100%
[15Oct2025 00:00:54.404] [Server thread/INFO] [Minecraft/]: Beetroot Growth Modifier: 100%
[15Oct2025 00:00:54.404] [Server thread/INFO] [Minecraft/]: Carrot Growth Modifier: 100%
[15Oct2025 00:00:54.404] [Server thread/INFO] [Minecraft/]: Potato Growth Modifier: 100%
[15Oct2025 00:00:54.404] [Server thread/INFO] [Minecraft/]: Wheat Growth Modifier: 100%
[15Oct2025 00:00:54.404] [Server thread/INFO] [Minecraft/]: NetherWart Growth Modifier: 100%
[15Oct2025 00:00:54.404] [Server thread/INFO] [Minecraft/]: Vine Growth Modifier: 100%
[15Oct2025 00:00:54.404] [Server thread/INFO] [Minecraft/]: Cocoa Growth Modifier: 100%
[15Oct2025 00:00:54.404] [Server thread/INFO] [Minecraft/]: Bamboo Growth Modifier: 100%
[15Oct2025 00:00:54.404] [Server thread/INFO] [Minecraft/]: SweetBerry Growth Modifier: 100%
[15Oct2025 00:00:54.404] [Server thread/INFO] [Minecraft/]: Kelp Growth Modifier: 100%
[15Oct2025 00:00:54.404] [Server thread/INFO] [Minecraft/]: TwistingVines Growth Modifier: 100%
[15Oct2025 00:00:54.404] [Server thread/INFO] [Minecraft/]: WeepingVines Growth Modifier: 100%
[15Oct2025 00:00:54.404] [Server thread/INFO] [Minecraft/]: CaveVines Growth Modifier: 100%
[15Oct2025 00:00:54.404] [Server thread/INFO] [Minecraft/]: Entity Activation Range: An 32 / Mo 32 / Ra 48 / Mi 16 / Tiv true / Isa false
[15Oct2025 00:00:54.404] [Server thread/INFO] [Minecraft/]: Entity Tracking Range: Pl 48 / An 48 / Mo 48 / Mi 32 / Di 128 / Other 64
[15Oct2025 00:00:54.404] [Server thread/INFO] [Minecraft/]: Hopper Transfer: 8 Hopper Check: 1 Hopper Amount: 1 Hopper Can Load Chunks: false
[15Oct2025 00:00:54.404] [Server thread/INFO] [Minecraft/]: Nerfing mobs spawned from spawners: false
[15Oct2025 00:00:54.404] [Server thread/INFO] [Minecraft/]: Item Merge Radius: 2.5
[15Oct2025 00:00:54.404] [Server thread/INFO] [Minecraft/]: Item Despawn Rate: 6000
[15Oct2025 00:00:54.404] [Server thread/INFO] [Minecraft/]: View Distance: 10
[15Oct2025 00:00:57.142] [Server thread/WARN] [net.minecraft.network.syncher.SynchedEntityData/]: defineId called for: class com.cerbon.bosses_of_mass_destruction.entity.custom.obsidilith.ObsidilithEntity from class com.cerbon.bosses_of_mass_destruction.entity.custom.obsidilith.ObsidilithUtils
[15Oct2025 00:00:57.145] [Server thread/WARN] [net.minecraft.network.syncher.SynchedEntityData/]: defineId called for: class com.cerbon.bosses_of_mass_destruction.entity.custom.gauntlet.GauntletEntity from class com.cerbon.bosses_of_mass_destruction.projectile.PetalBladeProjectile
[15Oct2025 00:00:57.149] [Server thread/WARN] [net.minecraft.network.syncher.SynchedEntityData/]: defineId called for: class com.cerbon.bosses_of_mass_destruction.entity.util.BaseEntity from class com.cerbon.bosses_of_mass_destruction.entity.custom.void_blossom.hitbox.NetworkedHitboxManager
[15Oct2025 00:00:57.686] [Server thread/WARN] [net.minecraft.network.syncher.SynchedEntityData/]: defineId called for: class net.minecraft.world.entity.vehicle.Boat from class com.dannbrown.deltaboxlib.common.content.entity.boat.BaseBoatEntity
[15Oct2025 00:00:57.732] [Server thread/INFO] [Minecraft/]: -------- World Settings For [Serie Inovaland/DIM-1] --------
[15Oct2025 00:00:57.732] [Server thread/INFO] [Minecraft/]: Simulation Distance: 10
[15Oct2025 00:00:57.732] [Server thread/INFO] [Minecraft/]: Arrow Despawn Rate: 1200 Trident Respawn Rate:1200
[15Oct2025 00:00:57.733] [Server thread/INFO] [Minecraft/]: Custom Map Seeds:  Village: 10387312 Desert: 14357617 Igloo: 14357618 Jungle: 14357619 Swamp: 14357620 Monument: 10387313 Ocean: 14357621 Shipwreck: 165745295 End City: 10387313 Slime: 987234911 Nether: 30084232 Mansion: 10387319 Fossil: 14357921 Portal: 34222645
[15Oct2025 00:00:57.733] [Server thread/INFO] [Minecraft/]: Max TNT Explosions: 100
[15Oct2025 00:00:57.733] [Server thread/INFO] [Minecraft/]: Tile Max Tick Time: 50ms Entity max Tick Time: 50ms
[15Oct2025 00:00:57.733] [Server thread/INFO] [Minecraft/]: Experience Merge Radius: 3.0
[15Oct2025 00:00:57.733] [Server thread/INFO] [Minecraft/]: Mob Spawn Range: 6
[15Oct2025 00:00:57.733] [Server thread/INFO] [Minecraft/]: Zombie Aggressive Towards Villager: true
[15Oct2025 00:00:57.733] [Server thread/INFO] [Minecraft/]: Allow Zombie Pigmen to spawn from portal blocks: true
[15Oct2025 00:00:57.733] [Server thread/INFO] [Minecraft/]: Cactus Growth Modifier: 100%
[15Oct2025 00:00:57.733] [Server thread/INFO] [Minecraft/]: Cane Growth Modifier: 100%
[15Oct2025 00:00:57.733] [Server thread/INFO] [Minecraft/]: Melon Growth Modifier: 100%
[15Oct2025 00:00:57.733] [Server thread/INFO] [Minecraft/]: Mushroom Growth Modifier: 100%
[15Oct2025 00:00:57.733] [Server thread/INFO] [Minecraft/]: Pumpkin Growth Modifier: 100%
[15Oct2025 00:00:57.733] [Server thread/INFO] [Minecraft/]: Sapling Growth Modifier: 100%
[15Oct2025 00:00:57.733] [Server thread/INFO] [Minecraft/]: Beetroot Growth Modifier: 100%
[15Oct2025 00:00:57.733] [Server thread/INFO] [Minecraft/]: Carrot Growth Modifier: 100%
[15Oct2025 00:00:57.733] [Server thread/INFO] [Minecraft/]: Potato Growth Modifier: 100%
[15Oct2025 00:00:57.733] [Server thread/INFO] [Minecraft/]: Wheat Growth Modifier: 100%
[15Oct2025 00:00:57.733] [Server thread/INFO] [Minecraft/]: NetherWart Growth Modifier: 100%
[15Oct2025 00:00:57.733] [Server thread/INFO] [Minecraft/]: Vine Growth Modifier: 100%
[15Oct2025 00:00:57.733] [Server thread/INFO] [Minecraft/]: Cocoa Growth Modifier: 100%
[15Oct2025 00:00:57.733] [Server thread/INFO] [Minecraft/]: Bamboo Growth Modifier: 100%
[15Oct2025 00:00:57.733] [Server thread/INFO] [Minecraft/]: SweetBerry Growth Modifier: 100%
[15Oct2025 00:00:57.733] [Server thread/INFO] [Minecraft/]: Kelp Growth Modifier: 100%
[15Oct2025 00:00:57.733] [Server thread/INFO] [Minecraft/]: TwistingVines Growth Modifier: 100%
[15Oct2025 00:00:57.733] [Server thread/INFO] [Minecraft/]: WeepingVines Growth Modifier: 100%
[15Oct2025 00:00:57.733] [Server thread/INFO] [Minecraft/]: CaveVines Growth Modifier: 100%
[15Oct2025 00:00:57.733] [Server thread/INFO] [Minecraft/]: Entity Activation Range: An 32 / Mo 32 / Ra 48 / Mi 16 / Tiv true / Isa false
[15Oct2025 00:00:57.733] [Server thread/INFO] [Minecraft/]: Entity Tracking Range: Pl 48 / An 48 / Mo 48 / Mi 32 / Di 128 / Other 64
[15Oct2025 00:00:57.733] [Server thread/INFO] [Minecraft/]: Hopper Transfer: 8 Hopper Check: 1 Hopper Amount: 1 Hopper Can Load Chunks: false
[15Oct2025 00:00:57.733] [Server thread/INFO] [Minecraft/]: Nerfing mobs spawned from spawners: false
[15Oct2025 00:00:57.733] [Server thread/INFO] [Minecraft/]: Item Merge Radius: 2.5
[15Oct2025 00:00:57.733] [Server thread/INFO] [Minecraft/]: Item Despawn Rate: 6000
[15Oct2025 00:00:57.733] [Server thread/INFO] [Minecraft/]: View Distance: 10
[15Oct2025 00:00:57.756] [Server thread/INFO] [Minecraft/]: -------- World Settings For [Serie Inovaland/faded_conquest_2/the_mirror_realm] --------
[15Oct2025 00:00:57.756] [Server thread/INFO] [Minecraft/]: Simulation Distance: 10
[15Oct2025 00:00:57.756] [Server thread/INFO] [Minecraft/]: Arrow Despawn Rate: 1200 Trident Respawn Rate:1200
[15Oct2025 00:00:57.756] [Server thread/INFO] [Minecraft/]: Custom Map Seeds:  Village: 10387312 Desert: 14357617 Igloo: 14357618 Jungle: 14357619 Swamp: 14357620 Monument: 10387313 Ocean: 14357621 Shipwreck: 165745295 End City: 10387313 Slime: 987234911 Nether: 30084232 Mansion: 10387319 Fossil: 14357921 Portal: 34222645
[15Oct2025 00:00:57.756] [Server thread/INFO] [Minecraft/]: Max TNT Explosions: 100
[15Oct2025 00:00:57.756] [Server thread/INFO] [Minecraft/]: Tile Max Tick Time: 50ms Entity max Tick Time: 50ms
[15Oct2025 00:00:57.756] [Server thread/INFO] [Minecraft/]: Experience Merge Radius: 3.0
[15Oct2025 00:00:57.756] [Server thread/INFO] [Minecraft/]: Mob Spawn Range: 6
[15Oct2025 00:00:57.756] [Server thread/INFO] [Minecraft/]: Zombie Aggressive Towards Villager: true
[15Oct2025 00:00:57.756] [Server thread/INFO] [Minecraft/]: Allow Zombie Pigmen to spawn from portal blocks: true
[15Oct2025 00:00:57.756] [Server thread/INFO] [Minecraft/]: Cactus Growth Modifier: 100%
[15Oct2025 00:00:57.756] [Server thread/INFO] [Minecraft/]: Cane Growth Modifier: 100%
[15Oct2025 00:00:57.756] [Server thread/INFO] [Minecraft/]: Melon Growth Modifier: 100%
[15Oct2025 00:00:57.756] [Server thread/INFO] [Minecraft/]: Mushroom Growth Modifier: 100%
[15Oct2025 00:00:57.756] [Server thread/INFO] [Minecraft/]: Pumpkin Growth Modifier: 100%
[15Oct2025 00:00:57.756] [Server thread/INFO] [Minecraft/]: Sapling Growth Modifier: 100%
[15Oct2025 00:00:57.756] [Server thread/INFO] [Minecraft/]: Beetroot Growth Modifier: 100%
[15Oct2025 00:00:57.756] [Server thread/INFO] [Minecraft/]: Carrot Growth Modifier: 100%
[15Oct2025 00:00:57.756] [Server thread/INFO] [Minecraft/]: Potato Growth Modifier: 100%
[15Oct2025 00:00:57.756] [Server thread/INFO] [Minecraft/]: Wheat Growth Modifier: 100%
[15Oct2025 00:00:57.756] [Server thread/INFO] [Minecraft/]: NetherWart Growth Modifier: 100%
[15Oct2025 00:00:57.756] [Server thread/INFO] [Minecraft/]: Vine Growth Modifier: 100%
[15Oct2025 00:00:57.756] [Server thread/INFO] [Minecraft/]: Cocoa Growth Modifier: 100%
[15Oct2025 00:00:57.756] [Server thread/INFO] [Minecraft/]: Bamboo Growth Modifier: 100%
[15Oct2025 00:00:57.756] [Server thread/INFO] [Minecraft/]: SweetBerry Growth Modifier: 100%
[15Oct2025 00:00:57.756] [Server thread/INFO] [Minecraft/]: Kelp Growth Modifier: 100%
[15Oct2025 00:00:57.756] [Server thread/INFO] [Minecraft/]: TwistingVines Growth Modifier: 100%
[15Oct2025 00:00:57.756] [Server thread/INFO] [Minecraft/]: WeepingVines Growth Modifier: 100%
[15Oct2025 00:00:57.756] [Server thread/INFO] [Minecraft/]: CaveVines Growth Modifier: 100%
[15Oct2025 00:00:57.756] [Server thread/INFO] [Minecraft/]: Entity Activation Range: An 32 / Mo 32 / Ra 48 / Mi 16 / Tiv true / Isa false
[15Oct2025 00:00:57.756] [Server thread/INFO] [Minecraft/]: Entity Tracking Range: Pl 48 / An 48 / Mo 48 / Mi 32 / Di 128 / Other 64
[15Oct2025 00:00:57.756] [Server thread/INFO] [Minecraft/]: Hopper Transfer: 8 Hopper Check: 1 Hopper Amount: 1 Hopper Can Load Chunks: false
[15Oct2025 00:00:57.756] [Server thread/INFO] [Minecraft/]: Nerfing mobs spawned from spawners: false
[15Oct2025 00:00:57.757] [Server thread/INFO] [Minecraft/]: Item Merge Radius: 2.5
[15Oct2025 00:00:57.757] [Server thread/INFO] [Minecraft/]: Item Despawn Rate: 6000
[15Oct2025 00:00:57.757] [Server thread/INFO] [Minecraft/]: View Distance: 10
[15Oct2025 00:00:57.800] [Server thread/INFO] [Minecraft/]: -------- World Settings For [Serie Inovaland/graveyard/past] --------
[15Oct2025 00:00:57.800] [Server thread/INFO] [Minecraft/]: Simulation Distance: 10
[15Oct2025 00:00:57.800] [Server thread/INFO] [Minecraft/]: Arrow Despawn Rate: 1200 Trident Respawn Rate:1200
[15Oct2025 00:00:57.800] [Server thread/INFO] [Minecraft/]: Custom Map Seeds:  Village: 10387312 Desert: 14357617 Igloo: 14357618 Jungle: 14357619 Swamp: 14357620 Monument: 10387313 Ocean: 14357621 Shipwreck: 165745295 End City: 10387313 Slime: 987234911 Nether: 30084232 Mansion: 10387319 Fossil: 14357921 Portal: 34222645
[15Oct2025 00:00:57.800] [Server thread/INFO] [Minecraft/]: Max TNT Explosions: 100
[15Oct2025 00:00:57.800] [Server thread/INFO] [Minecraft/]: Tile Max Tick Time: 50ms Entity max Tick Time: 50ms
[15Oct2025 00:00:57.800] [Server thread/INFO] [Minecraft/]: Experience Merge Radius: 3.0
[15Oct2025 00:00:57.800] [Server thread/INFO] [Minecraft/]: Mob Spawn Range: 6
[15Oct2025 00:00:57.800] [Server thread/INFO] [Minecraft/]: Zombie Aggressive Towards Villager: true
[15Oct2025 00:00:57.800] [Server thread/INFO] [Minecraft/]: Allow Zombie Pigmen to spawn from portal blocks: true
[15Oct2025 00:00:57.800] [Server thread/INFO] [Minecraft/]: Cactus Growth Modifier: 100%
[15Oct2025 00:00:57.800] [Server thread/INFO] [Minecraft/]: Cane Growth Modifier: 100%
[15Oct2025 00:00:57.800] [Server thread/INFO] [Minecraft/]: Melon Growth Modifier: 100%
[15Oct2025 00:00:57.800] [Server thread/INFO] [Minecraft/]: Mushroom Growth Modifier: 100%
[15Oct2025 00:00:57.800] [Server thread/INFO] [Minecraft/]: Pumpkin Growth Modifier: 100%
[15Oct2025 00:00:57.800] [Server thread/INFO] [Minecraft/]: Sapling Growth Modifier: 100%
[15Oct2025 00:00:57.800] [Server thread/INFO] [Minecraft/]: Beetroot Growth Modifier: 100%
[15Oct2025 00:00:57.800] [Server thread/INFO] [Minecraft/]: Carrot Growth Modifier: 100%
[15Oct2025 00:00:57.800] [Server thread/INFO] [Minecraft/]: Potato Growth Modifier: 100%
[15Oct2025 00:00:57.801] [Server thread/INFO] [Minecraft/]: Wheat Growth Modifier: 100%
[15Oct2025 00:00:57.801] [Server thread/INFO] [Minecraft/]: NetherWart Growth Modifier: 100%
[15Oct2025 00:00:57.801] [Server thread/INFO] [Minecraft/]: Vine Growth Modifier: 100%
[15Oct2025 00:00:57.801] [Server thread/INFO] [Minecraft/]: Cocoa Growth Modifier: 100%
[15Oct2025 00:00:57.801] [Server thread/INFO] [Minecraft/]: Bamboo Growth Modifier: 100%
[15Oct2025 00:00:57.801] [Server thread/INFO] [Minecraft/]: SweetBerry Growth Modifier: 100%
[15Oct2025 00:00:57.801] [Server thread/INFO] [Minecraft/]: Kelp Growth Modifier: 100%
[15Oct2025 00:00:57.801] [Server thread/INFO] [Minecraft/]: TwistingVines Growth Modifier: 100%
[15Oct2025 00:00:57.801] [Server thread/INFO] [Minecraft/]: WeepingVines Growth Modifier: 100%
[15Oct2025 00:00:57.801] [Server thread/INFO] [Minecraft/]: CaveVines Growth Modifier: 100%
[15Oct2025 00:00:57.801] [Server thread/INFO] [Minecraft/]: Entity Activation Range: An 32 / Mo 32 / Ra 48 / Mi 16 / Tiv true / Isa false
[15Oct2025 00:00:57.801] [Server thread/INFO] [Minecraft/]: Entity Tracking Range: Pl 48 / An 48 / Mo 48 / Mi 32 / Di 128 / Other 64
[15Oct2025 00:00:57.801] [Server thread/INFO] [Minecraft/]: Hopper Transfer: 8 Hopper Check: 1 Hopper Amount: 1 Hopper Can Load Chunks: false
[15Oct2025 00:00:57.801] [Server thread/INFO] [Minecraft/]: Nerfing mobs spawned from spawners: false
[15Oct2025 00:00:57.801] [Server thread/INFO] [Minecraft/]: Item Merge Radius: 2.5
[15Oct2025 00:00:57.801] [Server thread/INFO] [Minecraft/]: Item Despawn Rate: 6000
[15Oct2025 00:00:57.801] [Server thread/INFO] [Minecraft/]: View Distance: 10
[15Oct2025 00:00:57.821] [Server thread/INFO] [Minecraft/]: -------- World Settings For [Serie Inovaland/mofus_better_end_/broken_constellation] --------
[15Oct2025 00:00:57.821] [Server thread/INFO] [Minecraft/]: Simulation Distance: 10
[15Oct2025 00:00:57.821] [Server thread/INFO] [Minecraft/]: Arrow Despawn Rate: 1200 Trident Respawn Rate:1200
[15Oct2025 00:00:57.821] [Server thread/INFO] [Minecraft/]: Custom Map Seeds:  Village: 10387312 Desert: 14357617 Igloo: 14357618 Jungle: 14357619 Swamp: 14357620 Monument: 10387313 Ocean: 14357621 Shipwreck: 165745295 End City: 10387313 Slime: 987234911 Nether: 30084232 Mansion: 10387319 Fossil: 14357921 Portal: 34222645
[15Oct2025 00:00:57.821] [Server thread/INFO] [Minecraft/]: Max TNT Explosions: 100
[15Oct2025 00:00:57.821] [Server thread/INFO] [Minecraft/]: Tile Max Tick Time: 50ms Entity max Tick Time: 50ms
[15Oct2025 00:00:57.821] [Server thread/INFO] [Minecraft/]: Experience Merge Radius: 3.0
[15Oct2025 00:00:57.821] [Server thread/INFO] [Minecraft/]: Mob Spawn Range: 6
[15Oct2025 00:00:57.821] [Server thread/INFO] [Minecraft/]: Zombie Aggressive Towards Villager: true
[15Oct2025 00:00:57.821] [Server thread/INFO] [Minecraft/]: Allow Zombie Pigmen to spawn from portal blocks: true
[15Oct2025 00:00:57.821] [Server thread/INFO] [Minecraft/]: Cactus Growth Modifier: 100%
[15Oct2025 00:00:57.821] [Server thread/INFO] [Minecraft/]: Cane Growth Modifier: 100%
[15Oct2025 00:00:57.821] [Server thread/INFO] [Minecraft/]: Melon Growth Modifier: 100%
[15Oct2025 00:00:57.821] [Server thread/INFO] [Minecraft/]: Mushroom Growth Modifier: 100%
[15Oct2025 00:00:57.821] [Server thread/INFO] [Minecraft/]: Pumpkin Growth Modifier: 100%
[15Oct2025 00:00:57.821] [Server thread/INFO] [Minecraft/]: Sapling Growth Modifier: 100%
[15Oct2025 00:00:57.821] [Server thread/INFO] [Minecraft/]: Beetroot Growth Modifier: 100%
[15Oct2025 00:00:57.821] [Server thread/INFO] [Minecraft/]: Carrot Growth Modifier: 100%
[15Oct2025 00:00:57.821] [Server thread/INFO] [Minecraft/]: Potato Growth Modifier: 100%
[15Oct2025 00:00:57.821] [Server thread/INFO] [Minecraft/]: Wheat Growth Modifier: 100%
[15Oct2025 00:00:57.821] [Server thread/INFO] [Minecraft/]: NetherWart Growth Modifier: 100%
[15Oct2025 00:00:57.821] [Server thread/INFO] [Minecraft/]: Vine Growth Modifier: 100%
[15Oct2025 00:00:57.821] [Server thread/INFO] [Minecraft/]: Cocoa Growth Modifier: 100%
[15Oct2025 00:00:57.821] [Server thread/INFO] [Minecraft/]: Bamboo Growth Modifier: 100%
[15Oct2025 00:00:57.821] [Server thread/INFO] [Minecraft/]: SweetBerry Growth Modifier: 100%
[15Oct2025 00:00:57.821] [Server thread/INFO] [Minecraft/]: Kelp Growth Modifier: 100%
[15Oct2025 00:00:57.821] [Server thread/INFO] [Minecraft/]: TwistingVines Growth Modifier: 100%
[15Oct2025 00:00:57.821] [Server thread/INFO] [Minecraft/]: WeepingVines Growth Modifier: 100%
[15Oct2025 00:00:57.821] [Server thread/INFO] [Minecraft/]: CaveVines Growth Modifier: 100%
[15Oct2025 00:00:57.821] [Server thread/INFO] [Minecraft/]: Entity Activation Range: An 32 / Mo 32 / Ra 48 / Mi 16 / Tiv true / Isa false
[15Oct2025 00:00:57.821] [Server thread/INFO] [Minecraft/]: Entity Tracking Range: Pl 48 / An 48 / Mo 48 / Mi 32 / Di 128 / Other 64
[15Oct2025 00:00:57.821] [Server thread/INFO] [Minecraft/]: Hopper Transfer: 8 Hopper Check: 1 Hopper Amount: 1 Hopper Can Load Chunks: false
[15Oct2025 00:00:57.821] [Server thread/INFO] [Minecraft/]: Nerfing mobs spawned from spawners: false
[15Oct2025 00:00:57.821] [Server thread/INFO] [Minecraft/]: Item Merge Radius: 2.5
[15Oct2025 00:00:57.821] [Server thread/INFO] [Minecraft/]: Item Despawn Rate: 6000
[15Oct2025 00:00:57.821] [Server thread/INFO] [Minecraft/]: View Distance: 10
[15Oct2025 00:00:57.884] [Server thread/INFO] [Minecraft/]: -------- World Settings For [Serie Inovaland/faded_conquest_2/the_abyss] --------
[15Oct2025 00:00:57.884] [Server thread/INFO] [Minecraft/]: Simulation Distance: 10
[15Oct2025 00:00:57.884] [Server thread/INFO] [Minecraft/]: Arrow Despawn Rate: 1200 Trident Respawn Rate:1200
[15Oct2025 00:00:57.884] [Server thread/INFO] [Minecraft/]: Custom Map Seeds:  Village: 10387312 Desert: 14357617 Igloo: 14357618 Jungle: 14357619 Swamp: 14357620 Monument: 10387313 Ocean: 14357621 Shipwreck: 165745295 End City: 10387313 Slime: 987234911 Nether: 30084232 Mansion: 10387319 Fossil: 14357921 Portal: 34222645
[15Oct2025 00:00:57.884] [Server thread/INFO] [Minecraft/]: Max TNT Explosions: 100
[15Oct2025 00:00:57.884] [Server thread/INFO] [Minecraft/]: Tile Max Tick Time: 50ms Entity max Tick Time: 50ms
[15Oct2025 00:00:57.884] [Server thread/INFO] [Minecraft/]: Experience Merge Radius: 3.0
[15Oct2025 00:00:57.884] [Server thread/INFO] [Minecraft/]: Mob Spawn Range: 6
[15Oct2025 00:00:57.884] [Server thread/INFO] [Minecraft/]: Zombie Aggressive Towards Villager: true
[15Oct2025 00:00:57.884] [Server thread/INFO] [Minecraft/]: Allow Zombie Pigmen to spawn from portal blocks: true
[15Oct2025 00:00:57.884] [Server thread/INFO] [Minecraft/]: Cactus Growth Modifier: 100%
[15Oct2025 00:00:57.884] [Server thread/INFO] [Minecraft/]: Cane Growth Modifier: 100%
[15Oct2025 00:00:57.884] [Server thread/INFO] [Minecraft/]: Melon Growth Modifier: 100%
[15Oct2025 00:00:57.884] [Server thread/INFO] [Minecraft/]: Mushroom Growth Modifier: 100%
[15Oct2025 00:00:57.884] [Server thread/INFO] [Minecraft/]: Pumpkin Growth Modifier: 100%
[15Oct2025 00:00:57.884] [Server thread/INFO] [Minecraft/]: Sapling Growth Modifier: 100%
[15Oct2025 00:00:57.884] [Server thread/INFO] [Minecraft/]: Beetroot Growth Modifier: 100%
[15Oct2025 00:00:57.884] [Server thread/INFO] [Minecraft/]: Carrot Growth Modifier: 100%
[15Oct2025 00:00:57.885] [Server thread/INFO] [Minecraft/]: Potato Growth Modifier: 100%
[15Oct2025 00:00:57.885] [Server thread/INFO] [Minecraft/]: Wheat Growth Modifier: 100%
[15Oct2025 00:00:57.885] [Server thread/INFO] [Minecraft/]: NetherWart Growth Modifier: 100%
[15Oct2025 00:00:57.885] [Server thread/INFO] [Minecraft/]: Vine Growth Modifier: 100%
[15Oct2025 00:00:57.885] [Server thread/INFO] [Minecraft/]: Cocoa Growth Modifier: 100%
[15Oct2025 00:00:57.885] [Server thread/INFO] [Minecraft/]: Bamboo Growth Modifier: 100%
[15Oct2025 00:00:57.885] [Server thread/INFO] [Minecraft/]: SweetBerry Growth Modifier: 100%
[15Oct2025 00:00:57.885] [Server thread/INFO] [Minecraft/]: Kelp Growth Modifier: 100%
[15Oct2025 00:00:57.885] [Server thread/INFO] [Minecraft/]: TwistingVines Growth Modifier: 100%
[15Oct2025 00:00:57.885] [Server thread/INFO] [Minecraft/]: WeepingVines Growth Modifier: 100%
[15Oct2025 00:00:57.885] [Server thread/INFO] [Minecraft/]: CaveVines Growth Modifier: 100%
[15Oct2025 00:00:57.885] [Server thread/INFO] [Minecraft/]: Entity Activation Range: An 32 / Mo 32 / Ra 48 / Mi 16 / Tiv true / Isa false
[15Oct2025 00:00:57.885] [Server thread/INFO] [Minecraft/]: Entity Tracking Range: Pl 48 / An 48 / Mo 48 / Mi 32 / Di 128 / Other 64
[15Oct2025 00:00:57.885] [Server thread/INFO] [Minecraft/]: Hopper Transfer: 8 Hopper Check: 1 Hopper Amount: 1 Hopper Can Load Chunks: false
[15Oct2025 00:00:57.885] [Server thread/INFO] [Minecraft/]: Nerfing mobs spawned from spawners: false
[15Oct2025 00:00:57.885] [Server thread/INFO] [Minecraft/]: Item Merge Radius: 2.5
[15Oct2025 00:00:57.885] [Server thread/INFO] [Minecraft/]: Item Despawn Rate: 6000
[15Oct2025 00:00:57.885] [Server thread/INFO] [Minecraft/]: View Distance: 10
[15Oct2025 00:00:57.900] [Server thread/INFO] [Minecraft/]: -------- World Settings For [Serie Inovaland/DIM1] --------
[15Oct2025 00:00:57.900] [Server thread/INFO] [Minecraft/]: Simulation Distance: 10
[15Oct2025 00:00:57.900] [Server thread/INFO] [Minecraft/]: Arrow Despawn Rate: 1200 Trident Respawn Rate:1200
[15Oct2025 00:00:57.900] [Server thread/INFO] [Minecraft/]: Custom Map Seeds:  Village: 10387312 Desert: 14357617 Igloo: 14357618 Jungle: 14357619 Swamp: 14357620 Monument: 10387313 Ocean: 14357621 Shipwreck: 165745295 End City: 10387313 Slime: 987234911 Nether: 30084232 Mansion: 10387319 Fossil: 14357921 Portal: 34222645
[15Oct2025 00:00:57.900] [Server thread/INFO] [Minecraft/]: Max TNT Explosions: 100
[15Oct2025 00:00:57.900] [Server thread/INFO] [Minecraft/]: Tile Max Tick Time: 50ms Entity max Tick Time: 50ms
[15Oct2025 00:00:57.900] [Server thread/INFO] [Minecraft/]: Experience Merge Radius: 3.0
[15Oct2025 00:00:57.900] [Server thread/INFO] [Minecraft/]: Mob Spawn Range: 6
[15Oct2025 00:00:57.900] [Server thread/INFO] [Minecraft/]: Zombie Aggressive Towards Villager: true
[15Oct2025 00:00:57.900] [Server thread/INFO] [Minecraft/]: Allow Zombie Pigmen to spawn from portal blocks: true
[15Oct2025 00:00:57.901] [Server thread/INFO] [Minecraft/]: Cactus Growth Modifier: 100%
[15Oct2025 00:00:57.901] [Server thread/INFO] [Minecraft/]: Cane Growth Modifier: 100%
[15Oct2025 00:00:57.901] [Server thread/INFO] [Minecraft/]: Melon Growth Modifier: 100%
[15Oct2025 00:00:57.901] [Server thread/INFO] [Minecraft/]: Mushroom Growth Modifier: 100%
[15Oct2025 00:00:57.901] [Server thread/INFO] [Minecraft/]: Pumpkin Growth Modifier: 100%
[15Oct2025 00:00:57.901] [Server thread/INFO] [Minecraft/]: Sapling Growth Modifier: 100%
[15Oct2025 00:00:57.901] [Server thread/INFO] [Minecraft/]: Beetroot Growth Modifier: 100%
[15Oct2025 00:00:57.901] [Server thread/INFO] [Minecraft/]: Carrot Growth Modifier: 100%
[15Oct2025 00:00:57.901] [Server thread/INFO] [Minecraft/]: Potato Growth Modifier: 100%
[15Oct2025 00:00:57.901] [Server thread/INFO] [Minecraft/]: Wheat Growth Modifier: 100%
[15Oct2025 00:00:57.901] [Server thread/INFO] [Minecraft/]: NetherWart Growth Modifier: 100%
[15Oct2025 00:00:57.901] [Server thread/INFO] [Minecraft/]: Vine Growth Modifier: 100%
[15Oct2025 00:00:57.901] [Server thread/INFO] [Minecraft/]: Cocoa Growth Modifier: 100%
[15Oct2025 00:00:57.901] [Server thread/INFO] [Minecraft/]: Bamboo Growth Modifier: 100%
[15Oct2025 00:00:57.901] [Server thread/INFO] [Minecraft/]: SweetBerry Growth Modifier: 100%
[15Oct2025 00:00:57.901] [Server thread/INFO] [Minecraft/]: Kelp Growth Modifier: 100%
[15Oct2025 00:00:57.901] [Server thread/INFO] [Minecraft/]: TwistingVines Growth Modifier: 100%
[15Oct2025 00:00:57.901] [Server thread/INFO] [Minecraft/]: WeepingVines Growth Modifier: 100%
[15Oct2025 00:00:57.901] [Server thread/INFO] [Minecraft/]: CaveVines Growth Modifier: 100%
[15Oct2025 00:00:57.901] [Server thread/INFO] [Minecraft/]: Entity Activation Range: An 32 / Mo 32 / Ra 48 / Mi 16 / Tiv true / Isa false
[15Oct2025 00:00:57.901] [Server thread/INFO] [Minecraft/]: Entity Tracking Range: Pl 48 / An 48 / Mo 48 / Mi 32 / Di 128 / Other 64
[15Oct2025 00:00:57.901] [Server thread/INFO] [Minecraft/]: Hopper Transfer: 8 Hopper Check: 1 Hopper Amount: 1 Hopper Can Load Chunks: false
[15Oct2025 00:00:57.901] [Server thread/INFO] [Minecraft/]: Nerfing mobs spawned from spawners: false
[15Oct2025 00:00:57.901] [Server thread/INFO] [Minecraft/]: Item Merge Radius: 2.5
[15Oct2025 00:00:57.901] [Server thread/INFO] [Minecraft/]: Item Despawn Rate: 6000
[15Oct2025 00:00:57.901] [Server thread/INFO] [Minecraft/]: View Distance: 10
[15Oct2025 00:00:57.910] [Server thread/INFO] [NeoPerformance/]: Enabling NeoPerformance v1.15.4
[15Oct2025 00:00:58.096] [Server thread/INFO] [WorldGuard/]: Enabling WorldGuard v7.0.9+5934e49
[15Oct2025 00:00:58.370] [Server thread/INFO] [Multiverse-Core/]: Enabling Multiverse-Core v4.3.12
[15Oct2025 00:00:58.376] [Server thread/WARN] [Multiverse-Core/]: "Multiverse-Core v4.3.12" has registered a listener for org.bukkit.event.entity.EntityCreatePortalEvent on method "public void com.onarandombox.MultiverseCore.listeners.MVPortalListener.entityPortalCreate(org.bukkit.event.entity.EntityCreatePortalEvent)", but the event is Deprecated. "Server performance will be affected"; please notify the authors [dumptruckman, Rigby, fernferret, lithium3141, main--].
[15Oct2025 00:00:58.377] [Server thread/INFO] [Minecraft/]: [Multiverse-Core] We are aware of the warning about the deprecated event. There is no alternative that allows us to do what we need to do and performance impact is negligible. It is safe to ignore.
[15Oct2025 00:00:58.451] [Server thread/WARN] [Minecraft/]: [Multiverse-Core] Exception while loading value for environment
[15Oct2025 00:00:58.452] [Server thread/WARN] [Minecraft/]: [Multiverse-Core] Exception while loading value for environment
[15Oct2025 00:00:58.457] [Server thread/WARN] [Minecraft/]: [Multiverse-Core] Invalid world name 'Serie Inovaland'
[15Oct2025 00:00:58.457] [Server thread/WARN] [Minecraft/]: [Multiverse-Core] World name should not contain spaces or special characters!
[15Oct2025 00:00:58.457] [Server thread/WARN] [Minecraft/]: [Multiverse-Core] Invalid world name 'Serie Inovaland/DIM-1'
[15Oct2025 00:00:58.457] [Server thread/WARN] [Minecraft/]: [Multiverse-Core] World name should not contain spaces or special characters!
[15Oct2025 00:00:58.457] [Server thread/WARN] [Minecraft/]: [Multiverse-Core] Invalid world name 'Serie Inovaland/faded_conquest_2/the_mirror_realm'
[15Oct2025 00:00:58.457] [Server thread/WARN] [Minecraft/]: [Multiverse-Core] World name should not contain spaces or special characters!
[15Oct2025 00:00:58.457] [Server thread/WARN] [Minecraft/]: [Multiverse-Core] Invalid world name 'Serie Inovaland/graveyard/past'
[15Oct2025 00:00:58.457] [Server thread/WARN] [Minecraft/]: [Multiverse-Core] World name should not contain spaces or special characters!
[15Oct2025 00:00:58.457] [Server thread/WARN] [Minecraft/]: [Multiverse-Core] Invalid world name 'Serie Inovaland/mofus_better_end_/broken_constellation'
[15Oct2025 00:00:58.457] [Server thread/WARN] [Minecraft/]: [Multiverse-Core] World name should not contain spaces or special characters!
[15Oct2025 00:00:58.457] [Server thread/WARN] [Minecraft/]: [Multiverse-Core] Invalid world name 'Serie Inovaland/faded_conquest_2/the_abyss'
[15Oct2025 00:00:58.457] [Server thread/WARN] [Minecraft/]: [Multiverse-Core] World name should not contain spaces or special characters!
[15Oct2025 00:00:58.457] [Server thread/WARN] [Minecraft/]: [Multiverse-Core] Invalid world name 'Serie Inovaland/DIM1'
[15Oct2025 00:00:58.457] [Server thread/WARN] [Minecraft/]: [Multiverse-Core] World name should not contain spaces or special characters!
[15Oct2025 00:00:58.458] [Server thread/ERROR] [STDERR/]: java.lang.NullPointerException: Cannot invoke "org.bukkit.World$Environment.ordinal()" because the return value of "org.bukkit.WorldCreator.environment()" is null
[15Oct2025 00:00:58.458] [Server thread/ERROR] [STDERR/]: 	at TRANSFORMER/arclight@1.20.1-1.0.6-4e94eb76/org.bukkit.craftbukkit.v1_20_R1.CraftServer.createWorld(CraftServerMixin.java:1085)
[15Oct2025 00:00:58.458] [Server thread/ERROR] [STDERR/]: 	at TRANSFORMER/arclight@1.20.1-1.0.6-4e94eb76/org.bukkit.Bukkit.createWorld(Bukkit.java:703)
[15Oct2025 00:00:58.458] [Server thread/ERROR] [STDERR/]: 	at TRANSFORMER/arclight@1.20.1-1.0.6-4e94eb76/org.bukkit.WorldCreator.createWorld(WorldCreator.java:405)
[15Oct2025 00:00:58.458] [Server thread/ERROR] [STDERR/]: 	at com.onarandombox.MultiverseCore.utils.WorldManager.doLoad(WorldManager.java:486)
[15Oct2025 00:00:58.458] [Server thread/ERROR] [STDERR/]: 	at com.onarandombox.MultiverseCore.utils.WorldManager.doLoad(WorldManager.java:467)
[15Oct2025 00:00:58.458] [Server thread/ERROR] [STDERR/]: 	at com.onarandombox.MultiverseCore.utils.WorldManager.doLoad(WorldManager.java:442)
[15Oct2025 00:00:58.458] [Server thread/ERROR] [STDERR/]: 	at com.onarandombox.MultiverseCore.utils.WorldManager.loadWorlds(WorldManager.java:770)
[15Oct2025 00:00:58.458] [Server thread/ERROR] [STDERR/]: 	at com.onarandombox.MultiverseCore.MultiverseCore.onEnable(MultiverseCore.java:313)
[15Oct2025 00:00:58.458] [Server thread/ERROR] [STDERR/]: 	at TRANSFORMER/arclight@1.20.1-1.0.6-4e94eb76/org.bukkit.plugin.java.JavaPlugin.setEnabled(JavaPluginMixin.java:266)
[15Oct2025 00:00:58.458] [Server thread/ERROR] [STDERR/]: 	at TRANSFORMER/arclight@1.20.1-1.0.6-4e94eb76/org.bukkit.plugin.java.JavaPluginLoader.enablePlugin(JavaPluginLoaderMixin.java:342)
[15Oct2025 00:00:58.458] [Server thread/ERROR] [STDERR/]: 	at TRANSFORMER/arclight@1.20.1-1.0.6-4e94eb76/org.bukkit.plugin.SimplePluginManager.enablePlugin(SimplePluginManager.java:480)
[15Oct2025 00:00:58.458] [Server thread/ERROR] [STDERR/]: 	at TRANSFORMER/arclight@1.20.1-1.0.6-4e94eb76/org.bukkit.craftbukkit.v1_20_R1.CraftServer.enablePlugin(CraftServerMixin.java:546)
[15Oct2025 00:00:58.458] [Server thread/ERROR] [STDERR/]: 	at TRANSFORMER/arclight@1.20.1-1.0.6-4e94eb76/org.bukkit.craftbukkit.v1_20_R1.CraftServer.enablePlugins(CraftServerMixin.java:460)
[15Oct2025 00:00:58.458] [Server thread/ERROR] [STDERR/]: 	at TRANSFORMER/minecraft@1.20.1/net.minecraft.server.MinecraftServer.handler$bok000$arclight$enablePlugins(MinecraftServerMixin.java:2638)
[15Oct2025 00:00:58.458] [Server thread/ERROR] [STDERR/]: 	at TRANSFORMER/minecraft@1.20.1/net.minecraft.server.MinecraftServer.m_129815_(MinecraftServerMixin.java:385)
[15Oct2025 00:00:58.458] [Server thread/ERROR] [STDERR/]: 	at TRANSFORMER/minecraft@1.20.1/net.minecraft.server.MinecraftServer.m_130006_(MinecraftServerMixin.java:308)
[15Oct2025 00:00:58.458] [Server thread/ERROR] [STDERR/]: 	at TRANSFORMER/minecraft@1.20.1/net.minecraft.server.dedicated.DedicatedServer.m_7038_(DedicatedServerMixin.java:164)
[15Oct2025 00:00:58.458] [Server thread/ERROR] [STDERR/]: 	at TRANSFORMER/minecraft@1.20.1/net.minecraft.server.MinecraftServer.m_130011_(MinecraftServerMixin.java:2529)
[15Oct2025 00:00:58.458] [Server thread/ERROR] [STDERR/]: 	at TRANSFORMER/minecraft@1.20.1/net.minecraft.server.MinecraftServer.m_206580_(MinecraftServerMixin.java:251)
[15Oct2025 00:00:58.458] [Server thread/ERROR] [STDERR/]: 	at java.base/java.lang.Thread.run(Thread.java:840)
[15Oct2025 00:00:58.458] [Server thread/ERROR] [Minecraft/]: [Multiverse-Core] The world 'pruebas' could NOT be loaded because it contains errors and is probably corrupt!
[15Oct2025 00:00:58.458] [Server thread/ERROR] [Minecraft/]: [Multiverse-Core] Try using Minecraft Region Fixer to repair your world! 'pruebas'
[15Oct2025 00:00:58.458] [Server thread/ERROR] [Minecraft/]: [Multiverse-Core] https://github.com/Fenixin/Minecraft-Region-Fixer
[15Oct2025 00:00:58.458] [Server thread/INFO] [Minecraft/]: [Multiverse-Core] 0 - World(s) loaded.
[15Oct2025 00:00:58.459] [Server thread/WARN] [Minecraft/]: [Multiverse-Core] The world specified as the spawn world (null) did not exist!!
[15Oct2025 00:00:58.466] [Server thread/WARN] [Minecraft/]: [Multiverse-Core] Buscript failed to load! The script command will be disabled! If you would like not to see this message, use `/mv conf enablebuscript false` to disable Buscript from loading.
[15Oct2025 00:00:58.472] [Server thread/INFO] [Minecraft/]: [Multiverse-Core] Version 4.3.12 (API v24) Enabled - By dumptruckman, Rigby, fernferret, lithium3141 and main--
[15Oct2025 00:00:58.482] [Server thread/INFO] [Citizens/]: Enabling Citizens v2.0.32-SNAPSHOT (build 3188)
[15Oct2025 00:00:58.482] [Server thread/INFO] [Citizens/]: Loading external libraries
[15Oct2025 00:00:58.990] [Server thread/INFO] [Shopkeepers/]: Enabling Shopkeepers v2.19.0
[15Oct2025 00:00:59.017] [Server thread/ERROR] [STDERR/]: Initializing Legacy Material Support. Unless you have legacy plugins and/or data this is a bug!
[15Oct2025 00:01:02.054] [Server thread/INFO] [Shopkeepers/]: Citizens found: Enabling NPC shopkeepers.
[15Oct2025 00:01:02.077] [Server thread/INFO] [Multiverse-Portals/]: Enabling Multiverse-Portals v4.2.3
[15Oct2025 00:01:02.150] [Server thread/INFO] [Minecraft/]: [Multiverse-Portals] 0 - Portals(s) loaded
[15Oct2025 00:01:02.166] [Server thread/INFO] [Multiverse-Portals/]: Found WorldEdit. Using it for selections.
[15Oct2025 00:01:02.167] [Server thread/INFO] [Minecraft/]: [Multiverse-Portals 4.2.3]  Enabled - By Rigby and fernferret
[15Oct2025 00:01:02.170] [Server thread/INFO] [CitizensText/]: Enabling CitizensText v1.20
[15Oct2025 00:01:02.272] [Server thread/INFO] [Minecraft/]: Server permissions file permissions.yml is empty, ignoring it
[15Oct2025 00:01:02.333] [Server thread/INFO] [Ksyxis/MinecraftServerMixin/MOD_KSYXIS]: Ksyxis: Hey. This is Ksyxis. We will now load the world and will try to do it quickly. If the game is not responding after this, it's probably us to blame or delete for good. This message appears always, even if the mod works flawlessly. (injector: modern, ci: CallbackInfo[TYPE=CallbackInfo,NAME=m_129940_,CANCELLABLE=false], server: net.minecraft.server.dedicated.DedicatedServer@259d9c23)
[15Oct2025 00:01:02.333] [Server thread/INFO] [net.minecraft.server.MinecraftServer/]: Preparing start region for dimension minecraft:overworld
[15Oct2025 00:01:03.015] [Server thread/INFO] [net.minecraft.server.level.progress.LoggerChunkProgressListener/]: Preparing spawn area: 0%
[15Oct2025 00:01:03.016] [Server thread/INFO] [net.minecraft.server.level.progress.LoggerChunkProgressListener/]: Preparing spawn area: 0%
[15Oct2025 00:01:03.056] [Server thread/INFO] [net.minecraft.server.level.progress.LoggerChunkProgressListener/]: Time elapsed: 723 ms
[15Oct2025 00:01:03.056] [Server thread/INFO] [net.minecraft.server.dedicated.DedicatedServer/]: Done (10.230s)! For help, type "help"
[15Oct2025 00:01:03.132] [Server thread/INFO] [net.minecraftforge.server.permission.PermissionAPI/]: Successfully initialized permission handler forge:default_handler
[15Oct2025 00:01:03.132] [Server thread/INFO] [Arclight/]: Forwarding forge permission[forge:default_handler] to bukkit
[15Oct2025 00:01:03.167] [Server thread/INFO] [com.cupboard.Cupboard/]: Loaded config for: smoothchunk.json
[15Oct2025 00:01:03.168] [Server thread/WARN] [voicechat/]: [voicechat] Running in offline mode - Voice chat encryption is not secure!
[15Oct2025 00:01:03.181] [Server thread/WARN] [ModernFix/]: Dedicated server took 59.429 seconds to load
[15Oct2025 00:01:03.182] [VoiceChatServerThread/INFO] [voicechat/]: [voicechat] Voice chat server started at port 24454
[15Oct2025 00:01:03.257] [Server thread/INFO] [Minecraft/]: [NeoPerformance] NeoPerformance (By KyTDK) is enabled and using bStats!
[15Oct2025 00:01:03.281] [Server thread/INFO] [Minecraft/]: [Citizens] Loaded 0 NPCs.
[15Oct2025 00:01:03.340] [Craft Scheduler Thread - 0/INFO] [Minecraft/]: [NeoPerformance] NeoPerformance v1.15.5 is out. Download it at: https://www.spigotmc.org/resources/neoperformance.103183/
[15Oct2025 00:01:03.689] [Server thread/INFO] [CitizensText/]: 0 texts loadeds
[15Oct2025 00:04:28.793] [Server thread/INFO] [Console/]: TPS from last 1m, 5m, 15m: *20.0, *20.0, *20.0
[15Oct2025 00:04:28.793] [Server thread/INFO] [Console/]: Current Memory Usage: 1562/2632 mb (Max: 12288 mb)
[15Oct2025 00:22:15.734] [Server thread/INFO] [net.minecraft.server.MinecraftServer/]: There are 0 of a max of 20 players online: 
[15Oct2025 00:32:32.633] [Server thread/INFO] [net.minecraft.server.MinecraftServer/]: There are 0 of a max of 20 players online: 
[15Oct2025 00:42:05.133] [Server thread/INFO] [net.minecraft.server.MinecraftServer/]: Unknown or incomplete command, see below for error
[15Oct2025 00:42:05.134] [Server thread/INFO] [net.minecraft.server.MinecraftServer/]: tp<--[HERE]
[15Oct2025 00:42:09.233] [Server thread/INFO] [Console/]: TPS from last 1m, 5m, 15m: *20.0, *20.0, *20.0
[15Oct2025 00:42:09.233] [Server thread/INFO] [Console/]: Current Memory Usage: 1188/3656 mb (Max: 12288 mb)
